topic,proposed_label,label_status,prevalence_percent,c_v,c_npmi,raw_top10,display_top10,rank,document_id,filename,document_topic_weight,representative_unit,pdf_page_start,pdf_page_end,passage_summary,source_sha256,independent_human_validation
T01,"Perceived trust, equality and consumer issues",Provisional; distinguish perceived trust from computed reputation.,2.972401733878139,0.5843238435550382,0.08191794601493632,"trust, study, metaverse, model, research, consumer, empowered_metaverse, relationship, dimension, equality","trust, empowered_metaverse, equality, level_digital, dimension, consumer, uae, cronbach_alpha, theoretical, relationship",1,D1a5520aa7ae7,Unraveling the dynamics of digital equality and trust in AI-empowered metaverses and AI-VR-convergence_compressed.pdf,0.4711687227527093,10,11,13,"Measures perceived trust, digital equality and adoption-related constructs.",1a5520aa7ae7f52aee0acbfc7fe0c4e7b151a0f492171c709dc56e0a1ad8f0ad,pending; no completed coder decisions or adjudication supplied
T01,"Perceived trust, equality and consumer issues",Provisional; distinguish perceived trust from computed reputation.,2.972401733878139,0.5843238435550382,0.08191794601493632,"trust, study, metaverse, model, research, consumer, empowered_metaverse, relationship, dimension, equality","trust, empowered_metaverse, equality, level_digital, dimension, consumer, uae, cronbach_alpha, theoretical, relationship",2,D5df71bcd7569,Navigating_Consumer_Rights_and_Ethical_Advertising_in_the_Metaverse_chapter.pdf,0.4350068509311727,1,3,5,"Discusses consumer rights, ethical advertising and privacy alongside study-method material.",5df71bcd75693afacd396f46278f939f7be57845c573a62b58b828936eb99d43,pending; no completed coder decisions or adjudication supplied
T01,"Perceived trust, equality and consumer issues",Provisional; distinguish perceived trust from computed reputation.,2.972401733878139,0.5843238435550382,0.08191794601493632,"trust, study, metaverse, model, research, consumer, empowered_metaverse, relationship, dimension, equality","trust, empowered_metaverse, equality, level_digital, dimension, consumer, uae, cronbach_alpha, theoretical, relationship",3,Ddef784be4369,Ethical_and_Legal_Challenges_of_NFTs_chapter_extracted.pdf,0.16593421242672562,4,7,10,Contains ethical/legal NFT discussion and methodological material; not a pure perceived-trust source.,def784be436926d53463fd4e6973c17e4bba3a33a918c7b1b8706caec2547e65,pending; no completed coder decisions or adjudication supplied
T02,Data-driven attack detection and authentication,"Provisional; a technical component, not an observed offence rate.",14.390719952749404,0.41352681838894145,0.010670597940429722,"model, data, user, metaverse, based, attack, using, method, network, authentication","data, attack, authentication, accuracy, user, device, detection, technique, pattern, training",1,D1f315032455a,Towards_Secure_AI-driven_Industrial_Metaverse_with_NFT_Digital_Twins_compressed.pdf,0.753334879246088,2,2,3,Discusses detecting fake or anomalous devices/components in industrial metaverse settings.,1f315032455aff9fed8e7327825650756af20c9c563d3db620bd0876087a277b,pending; no completed coder decisions or adjudication supplied
T02,Data-driven attack detection and authentication,"Provisional; a technical component, not an observed offence rate.",14.390719952749404,0.41352681838894145,0.010670597940429722,"model, data, user, metaverse, based, attack, using, method, network, authentication","data, attack, authentication, accuracy, user, device, detection, technique, pattern, training",2,D7d7f6f621da1,Legalities_in_Metaverse__Ethereum_Fraud_Detection_compressed.pdf,0.720464142732492,6,7,9,Reports machine-learning classification of Ethereum fraud and associated performance measures.,7d7f6f621da1ef231cf69587becef51867b4799357a285e189c9fe027f672946,pending; no completed coder decisions or adjudication supplied
T02,Data-driven attack detection and authentication,"Provisional; a technical component, not an observed offence rate.",14.390719952749404,0.41352681838894145,0.010670597940429722,"model, data, user, metaverse, based, attack, using, method, network, authentication","data, attack, authentication, accuracy, user, device, detection, technique, pattern, training",3,Dc3ba77443e3f,A_privacy_awareness_framework_for_NFT_avatars_in_the_metaverse_compressed.pdf,0.5940105007625591,4,4,5,"Describes NFT-avatar privacy awareness and attack patterns, including cloning.",c3ba77443e3f4d4293f0800a4b083da0422562535620527d94c40c148a74bb11,pending; no completed coder decisions or adjudication supplied
T03,Gameplay and review/research methods,Mixed; do not force a coherent financial-crime label.,6.170852926822192,0.3914688055551064,-0.0002874661850281611,"study, player, research, game, analysis, data, article, financial, technology, cryptocurrency","player, game, financial_sector, publication, financial, scientific, review, cluster, stage, financial_innovation",1,D5d212714e9a4,Freedom_and_Restraint_in_Dark_Forest_A_Peek_at_the_Metaverse_Through_a_Blockchain_Game_compressed.pdf,0.7394579115280258,7,7,8,Describes player strategies and in-game battles in Dark Forest.,5d212714e9a431364bd4a8b3d63f44873d0295e3c7f18bb9f5161d32891d4f97,pending; no completed coder decisions or adjudication supplied
T03,Gameplay and review/research methods,Mixed; do not force a coherent financial-crime label.,6.170852926822192,0.3914688055551064,-0.0002874661850281611,"study, player, research, game, analysis, data, article, financial, technology, cryptocurrency","player, game, financial_sector, publication, financial, scientific, review, cluster, stage, financial_innovation",2,D2ddae8e6696b,The Technological Innovation of the Metaverse in Financial_compressed.pdf,0.4482380616835581,4,5,6,The selected pages describe PRISMA identification and screening procedures.,2ddae8e6696b07c6a055373cb0fce0fdc145309c547c71899a6759d7cdb35d73,pending; no completed coder decisions or adjudication supplied
T03,Gameplay and review/research methods,Mixed; do not force a coherent financial-crime label.,6.170852926822192,0.3914688055551064,-0.0002874661850281611,"study, player, research, game, analysis, data, article, financial, technology, cryptocurrency","player, game, financial_sector, publication, financial, scientific, review, cluster, stage, financial_innovation",3,D4bfedf8b0798,"The Digital Payment Revolution in the Metaverse_ A Systematic Review of Emerging Technologies, Challenges, and Future Directions_compressed.pdf",0.37907918293932313,3,4,5,The selected pages discuss database searching and bibliometric/review methods.,4bfedf8b07981c8d397ddaddd34af8b13a9683c43d317f0a4408cccbb39f250c,pending; no completed coder decisions or adjudication supplied
T04,"Technical trust, reputation and authenticity",Provisional; technical trust scores and authenticity mechanisms.,3.2502053075975845,0.43000499872328496,0.01112856426918936,"transaction, reputation, blockchain, cost, ethereum, trust, time, value, virtual_entity, based","reputation, virtual_entity, digital_medium, equation, rating, ipfs, cost, average, trust_value, gas",1,D6bbb4f6b30f4,Blockchain-Based_Trust_Management_for_Virtual_Entities_in_the_Metaverse_A_Model_for_Avatar_and_Virtual_Organization_Interactions_compressed.pdf,0.3365926286324397,15,19,21,"Describes computed trust values, blockchain storage and implementation costs.",6bbb4f6b30f4bb681cc4894ea7c28916163f84d528681a9bde08bcb5d4314fae,pending; no completed coder decisions or adjudication supplied
T04,"Technical trust, reputation and authenticity",Provisional; technical trust scores and authenticity mechanisms.,3.2502053075975845,0.43000499872328496,0.01112856426918936,"transaction, reputation, blockchain, cost, ethereum, trust, time, value, virtual_entity, based","reputation, virtual_entity, digital_medium, equation, rating, ipfs, cost, average, trust_value, gas",2,D514e784e1e1b,NFTs for combating deepfakes and fake metaverse digital contents_compressed.pdf,0.30414749549078784,11,18,19,"Calculates digital-content reputation from views, interactions and ratings.",514e784e1e1b1fd1cf0829546043dbb4d274d9e3d0150cb101fac9957d27bc23,pending; no completed coder decisions or adjudication supplied
T04,"Technical trust, reputation and authenticity",Provisional; technical trust scores and authenticity mechanisms.,3.2502053075975845,0.43000499872328496,0.01112856426918936,"transaction, reputation, blockchain, cost, ethereum, trust, time, value, virtual_entity, based","reputation, virtual_entity, digital_medium, equation, rating, ipfs, cost, average, trust_value, gas",3,D524a4f047a09,Eden_An_Edge_Computing_Empowered_Proof-of-Personhood_Protocol_for_Anti-Sybil_in_Blockchain-based_Metaverse_compressed.pdf,0.25270198581065517,4,5,6,Describes personhood scoring and anti-Sybil trustworthiness procedures.,524a4f047a09035610024c24b27c09a904ad4644b5ab387d593c88a33e2cc0dd,pending; no completed coder decisions or adjudication supplied
T05,Governance of data and assets,"Tentative; heterogeneous privacy, accounting and jurisdiction content.",7.567458418013731,0.4191389778326525,-0.01733871196387251,"metaverse, user, data, information, application, avatar, service, platform, dao, asset","user, dao, resident, data, privacy_policy, urban, avatar, law, party, service",1,De11ad817ca1d,METAseen_ analyzing network traffic and privacy policies in Web 3.0 based Metaverse_compressed.pdf,0.6164078842446524,10,9,10,Compares metaverse network traffic/data collection with privacy-policy disclosure.,e11ad817ca1db2d1e91fa90dfc708027a00b8e3d9c52936cdbb547f5f6f3a39d,pending; no completed coder decisions or adjudication supplied
T05,Governance of data and assets,"Tentative; heterogeneous privacy, accounting and jurisdiction content.",7.567458418013731,0.4191389778326525,-0.01733871196387251,"metaverse, user, data, information, application, avatar, service, platform, dao, asset","user, dao, resident, data, privacy_policy, urban, avatar, law, party, service",2,D28078c8a10cc,Innovative Accounting and Auditing.pdf,0.5273329539775842,6,8,9,"Discusses accounting/audit information, authenticity and assurance for metaverse resources.",28078c8a10ccbba8e926d34943d29adc846000555a46992fdbc5febf485c6524,pending; no completed coder decisions or adjudication supplied
T05,Governance of data and assets,"Tentative; heterogeneous privacy, accounting and jurisdiction content.",7.567458418013731,0.4191389778326525,-0.01733871196387251,"metaverse, user, data, information, application, avatar, service, platform, dao, asset","user, dao, resident, data, privacy_policy, urban, avatar, law, party, service",3,D21cf0acb1a9a,Jurisdictional_Challenges_in_Metaverse_chapter.pdf,0.5024441280688844,4,8,9,"Discusses territorial jurisdiction, regulatory coverage and legal responsibility.",21cf0acb1a9a7622b723d7439db61e6c8c0c6a7f2f7d2c6cd8eb2ede3cd15219,pending; no completed coder decisions or adjudication supplied
T06,NFT ownership and digital-asset markets,Provisional; ownership and creator/participant arrangements.,8.86311464178697,0.5256705844780243,0.05353788104110387,"nft, platform, ownership, user, participant, work, value, creator, art, digital_asset","nft, ownership, participant, creator, art, artist, platform, buyer, digital_asset, artwork",1,Dfed6d84a0e4f,Is the metaverse failing.pdf,0.6976002728915831,9,7,8,"Discusses artists, NFT value beliefs and participation in digital-asset markets.",fed6d84a0e4feae72c2cdeeecf1a6b82cca0ce7eb17e62a2b0ca80e36e86faa0,pending; no completed coder decisions or adjudication supplied
T06,NFT ownership and digital-asset markets,Provisional; ownership and creator/participant arrangements.,8.86311464178697,0.5256705844780243,0.05353788104110387,"nft, platform, ownership, user, participant, work, value, creator, art, digital_asset","nft, ownership, participant, creator, art, artist, platform, buyer, digital_asset, artwork",2,D78df4a50ef94,The effects of non-fungible token platform affordances on customer loyalty_ A Buyer-Creator duality perspective_compressed.pdf,0.6330781906774022,2,2,3,Discusses NFT platform affordances from buyer and creator perspectives.,78df4a50ef944aca71ee5f5021f257f3667a7f32ecc3c75bf30a2377f9537fc9,pending; no completed coder decisions or adjudication supplied
T06,NFT ownership and digital-asset markets,Provisional; ownership and creator/participant arrangements.,8.86311464178697,0.5256705844780243,0.05353788104110387,"nft, platform, ownership, user, participant, work, value, creator, art, digital_asset","nft, ownership, participant, creator, art, artist, platform, buyer, digital_asset, artwork",3,D1c167b303ed0,"Money, possessions, and ownership in the Metaverse_ NFTs, cryptocurrencies, Web3 and Wild Markets_compressed.pdf",0.4359267064178468,4,3,5,"Discusses NFT marketing, digital possessions and ownership arrangements.",1c167b303ed0686a5be3f580b649d97756dda7f8f49869eb44fd0de036cbcfae,pending; no completed coder decisions or adjudication supplied
T07,Transaction and authentication protocols,Provisional; technical protocol content.,9.648541859125997,0.5027170358229675,0.02922515140549276,"user, blockchain, protocol, smart_contract, transaction, token, using, chain, message, block","protocol, smart_contract, user, token, message, chain, block, transaction, swap, adversary",1,D569a973fcbb6,A blockchain-based signature exchange protocol for metaverse_compressed.pdf,0.7394226730618622,4,4,5,Specifies blockchain-supported signature exchange and protocol stages.,569a973fcbb6ffdba207cd7b5b43498c7e911883d636105bd08486808daf2d9e,pending; no completed coder decisions or adjudication supplied
T07,Transaction and authentication protocols,Provisional; technical protocol content.,9.648541859125997,0.5027170358229675,0.02922515140549276,"user, blockchain, protocol, smart_contract, transaction, token, using, chain, message, block","protocol, smart_contract, user, token, message, chain, block, transaction, swap, adversary",2,D1095d64c71c1,Design_of_Secure_Mutual_Authentication_Scheme_for_Metaverse_Environments_Using_Blockchain_compressed.pdf,0.6648645392531863,4,5,6,Describes platform messages and mutual-authentication procedures for avatars.,1095d64c71c1230954f2f9161e07b6c913fcae9100802af7dd70e8f115fe30ac,pending; no completed coder decisions or adjudication supplied
T07,Transaction and authentication protocols,Provisional; technical protocol content.,9.648541859125997,0.5027170358229675,0.02922515140549276,"user, blockchain, protocol, smart_contract, transaction, token, using, chain, message, block","protocol, smart_contract, user, token, message, chain, block, transaction, swap, adversary",3,Da6361d07d275,Seamless_Asset_Exchange_in_Interconnected_Metaverses_Unraveling_On-Chain_Atomic_Swap_compressed.pdf,0.66389135118381,5,5,6,"Describes on-chain atomic asset swaps, locking, proofs and completion conditions.",a6361d07d27542cd660b8886f4a771950323f6f89d0f476bacb4e0b1e37cd2e3,pending; no completed coder decisions or adjudication supplied
T08,Cryptoasset crime and scams,"Provisional; explicit crime content, but prevalence is textual attention.",8.573743468445292,0.6046070011218371,0.07810855944293708,"crypto, cryptocurrency, risk, financial, transaction, crime, criminal, wallet, project, market","crypto, cryptocurrency, crime, criminal, scam, risk, financial, wallet, project, defi",1,Ddc6958bc957f,"Criminology Towards the Metaverse_ Cryptocurrency Scams, Grey Economy and the Technosocial_compressed.pdf",0.7648264663238387,7,9,10,Discusses cryptocurrency scams and the crypto trading economy.,dc6958bc957fa31171b6bb270dbc27486390c49ff835a311f3a8f7457c5e6ab4,pending; no completed coder decisions or adjudication supplied
T08,Cryptoasset crime and scams,"Provisional; explicit crime content, but prevalence is textual attention.",8.573743468445292,0.6046070011218371,0.07810855944293708,"crypto, cryptocurrency, risk, financial, transaction, crime, criminal, wallet, project, market","crypto, cryptocurrency, crime, criminal, scam, risk, financial, wallet, project, defi",2,Dfdc0a7ab21ac,Opportunities to future crime_ Scoping the future of money laundering and terrorist financing through cryptoassets_compressed.pdf,0.6153176628334214,9,8,9,"Discusses laundering opportunities, asset/chain hopping and financial-crime pathways.",fdc0a7ab21acbf19a5bcca43f57c3b45e9008c7c7c3d76f4e0513cfc1622166c,pending; no completed coder decisions or adjudication supplied
T08,Cryptoasset crime and scams,"Provisional; explicit crime content, but prevalence is textual attention.",8.573743468445292,0.6046070011218371,0.07810855944293708,"crypto, cryptocurrency, risk, financial, transaction, crime, criminal, wallet, project, market","crypto, cryptocurrency, crime, criminal, scam, risk, financial, wallet, project, defi",3,D6cf278e5b911,Financial cybercrime in the Islamic Finance Metaverse_compressed.pdf,0.4570916787366374,0,1,1,"Introduces financial cybercrime, fraud and compliance issues in Islamic-finance metaverse settings.",6cf278e5b9117413384247d19c443e6cf21f9fd7701abc25c8f3af86b1a6030f,pending; no completed coder decisions or adjudication supplied
T09,"NFT markets, value and financial perceptions",Mixed/tentative; overlap with T06; market and accounting perspectives.,3.19745734386825,0.45119515432126656,0.025995324025349667,"nft, metaverse, return, value, market, price, game, token, relationship, respondent","return, price, trading_volume, respondent, market, game, sand, nft, value, yes",1,D2590938a004e,Stylized facts of metaverse non-fungible tokens_compressed.pdf,0.47587215427878504,14,15,16,Reports statistical properties of NFT prices and return distributions.,2590938a004e2cc518dba3b5fa613547c91152e6d6ec651a454876fa1c9618b8,pending; no completed coder decisions or adjudication supplied
T09,"NFT markets, value and financial perceptions",Mixed/tentative; overlap with T06; market and accounting perspectives.,3.19745734386825,0.45119515432126656,0.025995324025349667,"nft, metaverse, return, value, market, price, game, token, relationship, respondent","return, price, trading_volume, respondent, market, game, sand, nft, value, yes",2,D6baa23748f4c,Accounting Profession in Metaverse Era - NFT_compressed.pdf,0.33964039397607443,4,4,6,Uses respondent/interview material concerning NFTs and accounting.,6baa23748f4ce5e16049a72a436d9bf5235fa50a73a27e23e1351863c5cfdfda,pending; no completed coder decisions or adjudication supplied
T09,"NFT markets, value and financial perceptions",Mixed/tentative; overlap with T06; market and accounting perspectives.,3.19745734386825,0.45119515432126656,0.025995324025349667,"nft, metaverse, return, value, market, price, game, token, relationship, respondent","return, price, trading_volume, respondent, market, game, sand, nft, value, yes",3,D1c167b303ed0,"Money, possessions, and ownership in the Metaverse_ NFTs, cryptocurrencies, Web3 and Wild Markets_compressed.pdf",0.15862424694478514,0,1,2,"Discusses cryptocurrency value, digital ownership and property concepts.",1c167b303ed0686a5be3f580b649d97756dda7f8f49869eb44fd0de036cbcfae,pending; no completed coder decisions or adjudication supplied
T10,"Encryption, access control and network methods",Provisional; technical security methods.,7.185549130041426,0.4623673726576484,0.028412989565624883,"data, network, attribute, node, blockchain, image, encryption, proposed, based, algorithm","attribute, node, image, bitcoin_network, encryption, network, decryption, scheme, abe, committee",1,De395cd4ff88c,Efficient post-quantum attribute-based access control scheme for blockchain-empowered metaverse data management_compressed.pdf,0.6955507445459902,2,2,3,Discusses attribute-based access policies and encrypted metaverse data sharing.,e395cd4ff88c98cd4d5809e099b040e2e212962bd1b4b7cc5e39334f8f6b088b,pending; no completed coder decisions or adjudication supplied
T10,"Encryption, access control and network methods",Provisional; technical security methods.,7.185549130041426,0.4623673726576484,0.028412989565624883,"data, network, attribute, node, blockchain, image, encryption, proposed, based, algorithm","attribute, node, image, bitcoin_network, encryption, network, decryption, scheme, abe, committee",2,D39a7eeed7aaa,MetaL_A_Fully_Decentralized_User-Driven_Access_Control_Scheme_for_Metaverse_Utilizing_MC-ABE_and_Sharding_Blockchain_compressed.pdf,0.6467923129563753,7,7,8,Describes encryption and user-driven decentralised access-control procedures.,39a7eeed7aaadebb06bf22e85e46a35255a0675fe0aea07fd5ed086c7c90f37e,pending; no completed coder decisions or adjudication supplied
T10,"Encryption, access control and network methods",Provisional; technical security methods.,7.185549130041426,0.4623673726576484,0.028412989565624883,"data, network, attribute, node, blockchain, image, encryption, proposed, based, algorithm","attribute, node, image, bitcoin_network, encryption, network, decryption, scheme, abe, committee",3,Dfd64df1a4eaf,Advanced_Encryption_Using_Generative_Adversarial_Network_for_Enhancing_Security_of_Non-Fungible_Tokens_NFTs_compressed.pdf,0.5567063715165524,6,6,8,Compares encryption methods for NFT-related image/data security.,fd64df1a4eaf84bd4f20a14cf3687866c1b174319b441e89622d9ce7abb1a652,pending; no completed coder decisions or adjudication supplied
T11,Broad metaverse-platform security,"Provisional; broad component, not a single offence mechanism.",28.179955217671026,0.494501196086341,0.027573910734507177,"metaverse, blockchain, user, technology, digital, virtual, security, challenge, platform, decentralized","security, user, virtual_world, decentralized, platform, experience, virtual_environment, interaction, secure, digital_asset",1,Db1ac098543ec,Demystifying opportunities and risk for businesses_ A qualitative enquiry_compressed.pdf,0.8808816317117281,3,5,7,"Discusses broad business risks, including metaverse security and privacy breaches.",b1ac098543ec15ac28cb84f45e324579f4e7b9c398b13318d89ea7845a6a435e,pending; no completed coder decisions or adjudication supplied
T11,Broad metaverse-platform security,"Provisional; broad component, not a single offence mechanism.",28.179955217671026,0.494501196086341,0.027573910734507177,"metaverse, blockchain, user, technology, digital, virtual, security, challenge, platform, decentralized","security, user, virtual_world, decentralized, platform, experience, virtual_environment, interaction, secure, digital_asset",2,Dfb76bf848dd2,Blockchain-based_Security_Framework_for_Metaverse_A_Decentralized_Approach_compressed.pdf,0.7794326616989764,3,3,4,"Proposes decentralised security, identity and privacy mechanisms.",fb76bf848dd201c138230d94722a0866f2f48baadd41ae30e1968a7921b6842c,pending; no completed coder decisions or adjudication supplied
T11,Broad metaverse-platform security,"Provisional; broad component, not a single offence mechanism.",28.179955217671026,0.494501196086341,0.027573910734507177,"metaverse, blockchain, user, technology, digital, virtual, security, challenge, platform, decentralized","security, user, virtual_world, decentralized, platform, experience, virtual_environment, interaction, secure, digital_asset",3,D957f80b1f6a0,A Mini Review on Purchaser Security in the Metaverse - extracted chapter.pdf,0.73335021087253,0,1,3,"Reviews purchaser-facing privacy, identity theft, financial fraud and software vulnerabilities.",957f80b1f6a01661de7c62a06527ed9a90f119e320db39d166666afec270f122,pending; no completed coder decisions or adjudication supplied
