document_id,relative_path,filename,sha256,status,page_count,raw_words,cleaned_words,normalized_tokens,body_hash,reference_removed,extraction_review_flag,long_word_fraction
D569a973fcbb6,A blockchain-based signature exchange protocol for metaverse_compressed.pdf,A blockchain-based signature exchange protocol for metaverse_compressed.pdf,569a973fcbb6ffdba207cd7b5b43498c7e911883d636105bd08486808daf2d9e,included,11,9745,8650,3853,de929f5db1b52fe8c91a8132cb14f210d735af4681aaa1336c2c8e73d9b6cab1,True,False,0.003583815028901734
D957f80b1f6a0,A Mini Review on Purchaser Security in the Metaverse - extracted chapter.pdf,A Mini Review on Purchaser Security in the Metaverse - extracted chapter.pdf,957f80b1f6a01661de7c62a06527ed9a90f119e320db39d166666afec270f122,included,14,4567,2955,1799,3356015a07ef8cfe6e81265610169f5791b9e9f3f034ca65f307a51d54a364d2,True,False,0.0006768189509306261
D6486a0b043d4,A Prelude to Cybersecurity Challenges in the Metaverse - extracted chapter.pdf,A Prelude to Cybersecurity Challenges in the Metaverse - extracted chapter.pdf,6486a0b043d45dddf5a002aca2522fe7d8ec4fd1d4facaf34bc8a7533cb5bfe9,included,22,10494,9654,5124,0537e128216deba3b6ad2b25f9c40d1abb2139fb81164a98aea3b600495976ea,True,False,0.0005179200331468821
Dc3ba77443e3f,A_privacy_awareness_framework_for_NFT_avatars_in_the_metaverse_compressed.pdf,A_privacy_awareness_framework_for_NFT_avatars_in_the_metaverse_compressed.pdf,c3ba77443e3f4d4293f0800a4b083da0422562535620527d94c40c148a74bb11,included,5,4687,3724,1829,9c40d6fd07cf0cec4721f433d78d89696fee3e875d6526426b1f7bc897a08a67,True,False,0.0013426423200859291
D65ab9f4e98ce,A_Smart_Contract-Based_Authentication_Scheme_for_Securing_Metaverse_Environment_in_Web_3.0_compressed.pdf,A_Smart_Contract-Based_Authentication_Scheme_for_Securing_Metaverse_Environment_in_Web_3.0_compressed.pdf,65ab9f4e98ce327062b8c322ff1fadf657bd68e58d9e1f69dd7e8477aa71b388,included,11,9500,7720,3864,ff28ee21e3602b2d22456dfc23e819eb2e63d540a67678f2311967ef7584d00b,True,False,0.0005181347150259067
D6baa23748f4c,Accounting Profession in Metaverse Era - NFT_compressed.pdf,Accounting Profession in Metaverse Era - NFT_compressed.pdf,6baa23748f4ce5e16049a72a436d9bf5235fa50a73a27e23e1351863c5cfdfda,included,8,6623,5859,2847,9363fadd074227e787ebaba32ec6cee25ed9b0cef7db1abaaef60b5f0f945a3a,True,False,0.00017067759003242875
Dfd64df1a4eaf,Advanced_Encryption_Using_Generative_Adversarial_Network_for_Enhancing_Security_of_Non-Fungible_Tokens_NFTs_compressed.pdf,Advanced_Encryption_Using_Generative_Adversarial_Network_for_Enhancing_Security_of_Non-Fungible_Tokens_NFTs_compressed.pdf,fd64df1a4eaf84bd4f20a14cf3687866c1b174319b441e89622d9ce7abb1a652,included,16,10516,8309,4874,32f883be8d50916778260329ea861641a2cf7c34f86125bdb9f070e8ae2ded7b,True,False,0.0032494885064388015
D24774522d751,AI-based_Malicious_Bitcoin_Transaction_Detection_Framework_for_Real_Estate_in_Metaverse_compressed.pdf,AI-based_Malicious_Bitcoin_Transaction_Detection_Framework_for_Real_Estate_in_Metaverse_compressed.pdf,24774522d751daa25f8b62f7382a68a9d8a091a2a84e1af891839f69583ac4ce,included,6,4165,3469,1722,2db02b316df0b2ca4f34ff11f5622d3bd8140877ac14fac460b0f9dddcaebad0,True,False,0.002017872585759585
Dc35d9a0e2a20,Artificial_Intelligence-Based_Cybersecurity_for_the_Metaverse_Research_Challenges_and_Opportunities_compressed.pdf,Artificial_Intelligence-Based_Cybersecurity_for_the_Metaverse_Research_Challenges_and_Opportunities_compressed.pdf,c35d9a0e2a2039df92df3f38089abe9733362d5feb05d0ce5a1a85d743278e4f,included,45,35595,24706,14642,f665cc0a835a8d2f0c176fcfb42b1be1a713f201cbe5c9469dbb3237103efe0e,True,False,0.0001619039909333765
D5279c89a9098,Blockchain for the metaverse_ Recent advances taxonomy and future challenges_compressed.pdf,Blockchain for the metaverse_ Recent advances taxonomy and future challenges_compressed.pdf,5279c89a9098ed78486a85d5350856b6f4707936bd70d1d48f65e4e52eddd27f,included,32,30692,24141,14729,78114038acecd9f3d3b4e1ad26c2253a675093a430fcb4e79411962b1e361052,True,False,0.003562404208607763
D57c6968f2827,Blockchain-based asset storage and service mechanism to metaverse universe_ Metarepo_compressed.pdf,Blockchain-based asset storage and service mechanism to metaverse universe_ Metarepo_compressed.pdf,57c6968f28276a432ed97ad5449701491ac4fd23d65872dce8bba9e26b455948,included,17,9109,7384,3807,84052090baa5534ffcfde9637b75c077ecd088f11306cf06a3a1ddd03dbc24cf,True,False,0.0058234019501625135
Df64cb83374bc,Blockchain-Based_Privacy-Preserving_and_Accountable_Mobile_Edge_Outsourcing_Computing_Framework_for_the_Metaverse_compressed.pdf,Blockchain-Based_Privacy-Preserving_and_Accountable_Mobile_Edge_Outsourcing_Computing_Framework_for_the_Metaverse_compressed.pdf,f64cb83374bc18d3030733f9d1190543b10a49a427878472df2c63998375c882,included,14,11734,9929,5552,ead16258222031d13910d9c89942a276be6f7e01438ebb51e3623d9d0bf3a8dd,True,False,0.00040286030818813577
Dfb76bf848dd2,Blockchain-based_Security_Framework_for_Metaverse_A_Decentralized_Approach_compressed.pdf,Blockchain-based_Security_Framework_for_Metaverse_A_Decentralized_Approach_compressed.pdf,fb76bf848dd201c138230d94722a0866f2f48baadd41ae30e1968a7921b6842c,included,6,4287,3464,2030,d51122ac5d604d52e8b6ccb7f78f60733a6b44467d3a7525821edca45a471034,True,False,0.001443418013856813
D6bbb4f6b30f4,Blockchain-Based_Trust_Management_for_Virtual_Entities_in_the_Metaverse_A_Model_for_Avatar_and_Virtual_Organization_Interactions_compressed.pdf,Blockchain-Based_Trust_Management_for_Virtual_Entities_in_the_Metaverse_A_Model_for_Avatar_and_Virtual_Organization_Interactions_compressed.pdf,6bbb4f6b30f4bb681cc4894ea7c28916163f84d528681a9bde08bcb5d4314fae,included,25,17496,15197,8095,41376425e627ad6b3edb3b6e4c47ed687d8c02a09fc39be3041467b1fbc1141a,True,False,0.00019740738303612555
D165861071eca,Blockchain-Empowered_Privacy-Preserving_Digital_Object_Trading_in_the_Metaverse_compressed.pdf,Blockchain-Empowered_Privacy-Preserving_Digital_Object_Trading_in_the_Metaverse_compressed.pdf,165861071ecad702e3b550996a2112fce9c350c1138fb029ca77d2e905013c9e,included,10,6512,5387,2748,b857100debb20472b4765980f00865e889aa2395e1f531c38eaa1e38be19e90e,True,False,0.0009281603861147206
Dc414a91a176a,Bridging Law and Machine Learning_ A Cybersecure Model for Classifying Digital Real Estate Contracts in the Metaverse_compressed.pdf,Bridging Law and Machine Learning_ A Cybersecure Model for Classifying Digital Real Estate Contracts in the Metaverse_compressed.pdf,c414a91a176a803672eeff3d229a674654c6fa1cc06a09b37b22bafb54fa73ff,included,15,8587,6224,3364,d9c1123e8dfeab4b7377da2eb727392b713a59208608fef196eb6ae7690e3fc8,True,False,0.00032133676092544985
D03403c0839c3,Challenges_and_Opportunities_of_Integrating_Non-Fungible_Tokens_NFTs_and_Self-Sovereign_AI_SSAI_in_Blockchain-Based_Metaverse_Projects_compressed.pdf,Challenges_and_Opportunities_of_Integrating_Non-Fungible_Tokens_NFTs_and_Self-Sovereign_AI_SSAI_in_Blockchain-Based_Metaverse_Projects_compressed.pdf,03403c0839c3f67032aed3b90a566e497d67c6bbcb47fd223e2a63e4310daae1,included,9,6912,5788,3579,31e8f140eaf34dc88736d36a2958cb07901f36c8d7ae86a4848f88f169935e07,True,False,0.000691085003455425
Db80703b6ee6c,Classification of NFT Security Issues and Threats through Case Analysis.pdf,Classification of NFT Security Issues and Threats through Case Analysis.pdf,b80703b6ee6c15f7cd7b044ad7af2ee70cb125ed4bfd04699373a737d443efb1,included,10,4742,4391,2447,f62b69efe8c3f73f0b9f7ccd7529746ae5f2f2537304f67728a378e67e799e50,True,False,0.0004554771122751082
Ddc6958bc957f,"Criminology Towards the Metaverse_ Cryptocurrency Scams, Grey Economy and the Technosocial_compressed.pdf","Criminology Towards the Metaverse_ Cryptocurrency Scams, Grey Economy and the Technosocial_compressed.pdf",dc6958bc957fa31171b6bb270dbc27486390c49ff835a311f3a8f7457c5e6ab4,included,16,10601,8958,4155,18c516c12e0082f3edab2906fd33e43f9e024d361720277811209fb026bbec6b,True,False,0.0016744809109176155
Df993b1e11c98,Cryptocurrency in the metaverse.pdf,Cryptocurrency in the metaverse.pdf,f993b1e11c98058f5746d549a0dfd6f94ec92340d5b178bc024f2aacbf2f3029,included,50,14578,11574,6939,975157d867a1abd01ff04118a364cde73d97a54e995c47c172e75060cbd05eb7,True,False,8.640055296353897e-05
D74bc17aea3dd,Cyber security vulnerabilities and threat mitigation strategies.pdf,Cyber security vulnerabilities and threat mitigation strategies.pdf,74bc17aea3dd480da68a87d728ede4344e6a9c48ccce8c29a1023b648e45b338,included,22,7292,6299,3747,45bda3c6f90d8118a302a342452922cd739b3438baa3376e623df4ead2b6edda,True,False,0.0
D63d7b065ccb8,Decentralized_autonomous_organizations_review_importance_and_applications_compressed.pdf,Decentralized_autonomous_organizations_review_importance_and_applications_compressed.pdf,63d7b065ccb8fa78f60256b53a2d28d07f167a7dd79ac0440c97ea2774b30177,included,6,3971,3357,1754,76d76dd1fbe814f795a7088d053ad302298dd927c0e07538ec57788c6c3b9521,True,False,0.0014894250819183796
Db1ac098543ec,Demystifying opportunities and risk for businesses_ A qualitative enquiry_compressed.pdf,Demystifying opportunities and risk for businesses_ A qualitative enquiry_compressed.pdf,b1ac098543ec15ac28cb84f45e324579f4e7b9c398b13318d89ea7845a6a435e,included,12,4984,4606,2801,0e06fb826ac671555eaf1ec94dc0d6121822209b02f20b984b8b7512a3653920,True,False,0.0023881893182805037
D1095d64c71c1,Design_of_Secure_Mutual_Authentication_Scheme_for_Metaverse_Environments_Using_Blockchain_compressed.pdf,Design_of_Secure_Mutual_Authentication_Scheme_for_Metaverse_Environments_Using_Blockchain_compressed.pdf,1095d64c71c1230954f2f9161e07b6c913fcae9100802af7dd70e8f115fe30ac,included,15,11927,8369,4168,b43358b9c96ad6797048a036f2ba30f67a484330b27fef48ed22e1156b9eb665,True,False,0.0014338630660771896
Dcb7f93f9aa99,Detecting_Smart_Contract_Project_Anomalies_in_Metaverse_compressed.pdf,Detecting_Smart_Contract_Project_Anomalies_in_Metaverse_compressed.pdf,cb7f93f9aa992ec96d1545bf77a668f0f93334af11544cc5fc1480261de3c4a0,included,9,7184,5854,2979,f3b7ac5d9c56401c6ec271caa28e548eb93271bf26d66dbbabaac523210ce384,True,False,0.0006832934745473181
D524a4f047a09,Eden_An_Edge_Computing_Empowered_Proof-of-Personhood_Protocol_for_Anti-Sybil_in_Blockchain-based_Metaverse_compressed.pdf,Eden_An_Edge_Computing_Empowered_Proof-of-Personhood_Protocol_for_Anti-Sybil_in_Blockchain-based_Metaverse_compressed.pdf,524a4f047a09035610024c24b27c09a904ad4644b5ab387d593c88a33e2cc0dd,included,8,6301,5453,3092,ced6fddd6742040b7db31c315ace22ba4d5af7724839e2ca8597808632bf002c,True,False,0.0007335411699981661
De395cd4ff88c,Efficient post-quantum attribute-based access control scheme for blockchain-empowered metaverse data management_compressed.pdf,Efficient post-quantum attribute-based access control scheme for blockchain-empowered metaverse data management_compressed.pdf,e395cd4ff88c98cd4d5809e099b040e2e212962bd1b4b7cc5e39334f8f6b088b,included,15,14678,12872,6042,238fe5258b91f3cfb22c633cca88774f72dcb7e4d2913ac8cd18acced9e01233,True,False,0.00023306401491609695
D7654ca3e0443,Enhancing_Identity_Security_in_the_Metaverse_Solutions_Using_AI_Blockchain_and_NFTs_compressed.pdf,Enhancing_Identity_Security_in_the_Metaverse_Solutions_Using_AI_Blockchain_and_NFTs_compressed.pdf,7654ca3e0443b8f3716a46c81a6ac8d8ee5d7942ad4e276064035a1e6acfd743,included,6,4044,3135,1895,866e714780c0b75ef3fa08f29f48f53638d45ade4f39ea4b0ee96aaa9c2b724e,True,False,0.001594896331738437
Ddef784be4369,Ethical_and_Legal_Challenges_of_NFTs_chapter_extracted.pdf,Ethical_and_Legal_Challenges_of_NFTs_chapter_extracted.pdf,def784be436926d53463fd4e6973c17e4bba3a33a918c7b1b8706caec2547e65,included,15,6211,4781,2695,fb581738493ce0b138b14b9e01213b5e5be2784873bd5c25bfe6841ca7ad154a,True,False,0.0004183225266680611
De6773a6d4648,Exploring-NFTs-and-Metaverse-Collaborations_-Innovations-Opportunities-and-Challenges_compressed.pdf,Exploring-NFTs-and-Metaverse-Collaborations_-Innovations-Opportunities-and-Challenges_compressed.pdf,e6773a6d464810e097bcdd4142202bcf68cd1eb75f0b0e8a5d2f4c1e12cd9166,included,22,7947,7074,3902,1a941b9715d9de4feb398a6c655b715eaa2ef70c93179ee4c26cd03f6ef8bc25,True,False,0.0002827254735651682
D6cf278e5b911,Financial cybercrime in the Islamic Finance Metaverse_compressed.pdf,Financial cybercrime in the Islamic Finance Metaverse_compressed.pdf,6cf278e5b9117413384247d19c443e6cf21f9fd7701abc25c8f3af86b1a6030f,included,6,4678,4292,2147,085378dcd1ed0aca9da342a9250dbe766f9f35559bf16d888d3a3664d3b6a79b,True,False,0.00023299161230195712
D5d212714e9a4,Freedom_and_Restraint_in_Dark_Forest_A_Peek_at_the_Metaverse_Through_a_Blockchain_Game_compressed.pdf,Freedom_and_Restraint_in_Dark_Forest_A_Peek_at_the_Metaverse_Through_a_Blockchain_Game_compressed.pdf,5d212714e9a431364bd4a8b3d63f44873d0295e3c7f18bb9f5161d32891d4f97,included,12,10465,8485,4362,85b269e0d20f21aed0b8deb07a925872af72f5db4707d6f6dbec2f927c25c4a3,True,False,0.0011785503830288745
Dce466cf22246,Fusing_Blockchain_and_AI_With_Metaverse_A_Survey_compressed.pdf,Fusing_Blockchain_and_AI_With_Metaverse_A_Survey_compressed.pdf,ce466cf22246b5dd0d574e70bf7b1e6e28256a73edb5d312a64bc5ef91c6f751,included,15,12254,9558,5235,df81a3ece8afdb221162d1dd034beaf61602f4d994442c863ff9794db50184be,True,False,0.0008369951872776732
D8f2ad68926ef,GenAI with custom trained.pdf,GenAI with custom trained.pdf,8f2ad68926efbef474b9ce14063cd6b4850a724545c053dd1592c1213d2325c0,included,7,5071,4209,2406,5ceaf9414cb9c6901efd6478c465f33183adab7e405c53b53d2d89d1a58b2d71,True,False,0.000950344499881207
D28078c8a10cc,Innovative Accounting and Auditing.pdf,Innovative Accounting and Auditing.pdf,28078c8a10ccbba8e926d34943d29adc846000555a46992fdbc5febf485c6524,included,10,6316,5496,2977,89fbc2d9dd254dd7eeae88a910602ad05e7a2203290ffa66acdd7cde3536b223,True,False,0.001091703056768559
Dfed6d84a0e4f,Is the metaverse failing.pdf,Is the metaverse failing.pdf,fed6d84a0e4feae72c2cdeeecf1a6b82cca0ce7eb17e62a2b0ca80e36e86faa0,included,14,16571,12758,6212,a59b4e1aef65f91bfdf4ac91459478e2543b72930fb936e850b8cd0e43d9e3c1,True,False,0.00039191095783038096
D21cf0acb1a9a,Jurisdictional_Challenges_in_Metaverse_chapter.pdf,Jurisdictional_Challenges_in_Metaverse_chapter.pdf,21cf0acb1a9a7622b723d7439db61e6c8c0c6a7f2f7d2c6cd8eb2ede3cd15219,included,11,4556,3883,2051,2aeb8b0bdaec493b4abb6847701bbcfcdfd9c701048e52a0924294556594329d,True,False,0.0002575328354365182
Dc0b4b006fee0,Legal_Challenges_of_Intellectual_Property_in_the_Metaverse_Under_UAE_Intellectual_Property_Law_Trademarks_Copyrights_Patents_compressed.pdf,Legal_Challenges_of_Intellectual_Property_in_the_Metaverse_Under_UAE_Intellectual_Property_Law_Trademarks_Copyrights_Patents_compressed.pdf,c0b4b006fee05c71559c8f372d01353af8c6545feb01beb5cba3e0efcd18b7d3,included,7,6292,4817,2378,d826cf06abb6bba679c0d34eec56adcf70b4a0e3798cbfcd9b7d47fe230aad40,True,False,0.0008303923603902845
D7d7f6f621da1,Legalities_in_Metaverse__Ethereum_Fraud_Detection_compressed.pdf,Legalities_in_Metaverse__Ethereum_Fraud_Detection_compressed.pdf,7d7f6f621da1ef231cf69587becef51867b4799357a285e189c9fe027f672946,included,14,8285,7141,3865,b0d9cfb7f98b77d756b85e4da6531343bf597f35e83cca639e85e111705b1e14,True,False,0.0004201092283993838
De9070d0f44e5,Meta-Governance_Blockchain-Driven_Metaverse_Platform_for_Mitigating_Misbehavior_Using_Smart_Contract_and_AI_compressed.pdf,Meta-Governance_Blockchain-Driven_Metaverse_Platform_for_Mitigating_Misbehavior_Using_Smart_Contract_and_AI_compressed.pdf,e9070d0f44e5b72aadd927b34c2f5c95e5c262594387924dfde352d41e8cd2f6,included,15,10665,8041,4812,4d4cf85f30e57c7da34a6524d960f8f2d878701930e93258165b2c24aa7a61a7,True,False,0.0004974505658500186
D39a7eeed7aaa,MetaL_A_Fully_Decentralized_User-Driven_Access_Control_Scheme_for_Metaverse_Utilizing_MC-ABE_and_Sharding_Blockchain_compressed.pdf,MetaL_A_Fully_Decentralized_User-Driven_Access_Control_Scheme_for_Metaverse_Utilizing_MC-ABE_and_Sharding_Blockchain_compressed.pdf,39a7eeed7aaadebb06bf22e85e46a35255a0675fe0aea07fd5ed086c7c90f37e,included,9,7486,6824,3867,66e0a0e308a841c37d66fe2c8683ed508ef5a82b12fd9d8d1ebd49e0d97b01ee,True,False,0.00029308323563892143
De11ad817ca1d,METAseen_ analyzing network traffic and privacy policies in Web 3.0 based Metaverse_compressed.pdf,METAseen_ analyzing network traffic and privacy policies in Web 3.0 based Metaverse_compressed.pdf,e11ad817ca1db2d1e91fa90dfc708027a00b8e3d9c52936cdbb547f5f6f3a39d,included,13,12081,9914,5843,0235949b54d95ac619c6067eaf47c2410cdb3f47650c2f052a4599f48b4fcff3,True,False,0.0014121444422029454
D8d6830743dfc,Metaverse_The_Potential_Threats_in_the_Virtual_World_chapter_pages_84-92.pdf,Metaverse_The_Potential_Threats_in_the_Virtual_World_chapter_pages_84-92.pdf,8d6830743dfcc1328cd1901cabf8aba4836eb94c24444e3988d52351d9d86cda,included,9,2776,2491,1232,fa42de8c118f01782eca357076b129fcd2db24f9601230a09c98865ce4308aed,True,False,0.0012043356081894822
Ddffd47d0866a,Modelling BTC networks.pdf,Modelling BTC networks.pdf,dffd47d0866a4783608db47acecf114a56bb5c5b91fea279997c49963cea0d08,included,33,17977,13805,7722,ebdd9a7cdfaf1f006a6903c260d4d41d16488ead3c179ef83adc595c6d1b1dc0,True,False,0.00021731256791017748
D1c167b303ed0,"Money, possessions, and ownership in the Metaverse_ NFTs, cryptocurrencies, Web3 and Wild Markets_compressed.pdf","Money, possessions, and ownership in the Metaverse_ NFTs, cryptocurrencies, Web3 and Wild Markets_compressed.pdf",1c167b303ed0686a5be3f580b649d97756dda7f8f49869eb44fd0de036cbcfae,included,8,8827,5753,2831,e7250308fed7639d3a558212fc6ad2781b9a0b7c5c770375829a920d136a5f27,True,False,0.0003476447071093343
D5df71bcd7569,Navigating_Consumer_Rights_and_Ethical_Advertising_in_the_Metaverse_chapter.pdf,Navigating_Consumer_Rights_and_Ethical_Advertising_in_the_Metaverse_chapter.pdf,5df71bcd75693afacd396f46278f939f7be57845c573a62b58b828936eb99d43,included,10,3979,3379,1773,9971f724916ebd0a599e7dbbfa642d646d4a16749e02716c7d15d87b35d17dcc,True,False,0.0011837821840781297
Da7ef797c3412,NFT-Based_Digital_Identity_Authentication_Framework_for_the_Metaverse_Environments_compressed.pdf,NFT-Based_Digital_Identity_Authentication_Framework_for_the_Metaverse_Environments_compressed.pdf,a7ef797c341295ac3df9d3beadddff6df9db992034c21513f95227d1fe237257,included,9,6310,4720,2651,43495db7145fa7a943b48817699c861aa5dbda959df149684f2a7006afe2c57c,True,False,0.001271186440677966
D933970ff55c6,"NFTs for accessing, monetizing, and teleporting digital twins and digital artifacts in the metaverse_compressed.pdf","NFTs for accessing, monetizing, and teleporting digital twins and digital artifacts in the metaverse_compressed.pdf",933970ff55c69db98f104959d70330d9384182db66139c55852f188dc2b36e92,included,16,11907,10126,5515,e275b1509831ad9fa186a25d62684a89a64781c9787a3c9d00020ab5f9b2cd45,True,False,0.0010863124629666206
D514e784e1e1b,NFTs for combating deepfakes and fake metaverse digital contents_compressed.pdf,NFTs for combating deepfakes and fake metaverse digital contents_compressed.pdf,514e784e1e1b1fd1cf0829546043dbb4d274d9e3d0150cb101fac9957d27bc23,included,24,14212,12477,6542,4282d12caf94ce94db94f1fc9444b13fb8de0c9bbf22443fec9da62478000619,True,False,0.001442654484251022
Dfdc0a7ab21ac,Opportunities to future crime_ Scoping the future of money laundering and terrorist financing through cryptoassets_compressed.pdf,Opportunities to future crime_ Scoping the future of money laundering and terrorist financing through cryptoassets_compressed.pdf,fdc0a7ab21acbf19a5bcca43f57c3b45e9008c7c7c3d76f4e0513cfc1622166c,included,24,20107,15742,8661,d01ec968451d4352d17a3d5e67027086a285a4ce34dfe89e85f6657610ebf369,True,False,0.00019057298945496126
D9894a8b2bb51,Payment System Vulnerabilities.pdf,Payment System Vulnerabilities.pdf,9894a8b2bb514a615f9d98a27399fab0599f3750090e5981c2ec106e07c4395f,included,12,2836,2432,1445,f77ec70cbd1e769b3d00a518e943be0fc92cad7d38946b8439e69b954a6fbcd2,True,False,0.005345394736842105
Da6361d07d275,Seamless_Asset_Exchange_in_Interconnected_Metaverses_Unraveling_On-Chain_Atomic_Swap_compressed.pdf,Seamless_Asset_Exchange_in_Interconnected_Metaverses_Unraveling_On-Chain_Atomic_Swap_compressed.pdf,a6361d07d27542cd660b8886f4a771950323f6f89d0f476bacb4e0b1e37cd2e3,included,10,7884,7303,3965,57cb7cc2021fd0df63614522e45db216823e41d57b85268267f0778e9b8b4c1b,True,False,0.0012323702587977543
D3ab7a5b14686,Securing_the_Metaverse_chapter_extracted.pdf,Securing_the_Metaverse_chapter_extracted.pdf,3ab7a5b14686869e77b39ed1c138473fea1ca3bf55732d478ce9f51d39c134ef,included,11,3829,3119,1376,9f0ef36fcfc53a9eff99f9d5d7e8fee0cf21f13829990008b50c1db7367f5171,True,False,0.0003206155819172812
D2590938a004e,Stylized facts of metaverse non-fungible tokens_compressed.pdf,Stylized facts of metaverse non-fungible tokens_compressed.pdf,2590938a004e2cc518dba3b5fa613547c91152e6d6ec651a454876fa1c9618b8,included,29,20146,16284,8764,510bd2fd66344fb96e666ece17be5d755392228687eaf84688cd94cdcf574d49,True,False,0.00030704986489805947
D4bfedf8b0798,"The Digital Payment Revolution in the Metaverse_ A Systematic Review of Emerging Technologies, Challenges, and Future Directions_compressed.pdf","The Digital Payment Revolution in the Metaverse_ A Systematic Review of Emerging Technologies, Challenges, and Future Directions_compressed.pdf",4bfedf8b07981c8d397ddaddd34af8b13a9683c43d317f0a4408cccbb39f250c,included,17,9632,7965,4710,b1d5723d9aa750691554d375db0a018fa4cf3553087948b75e90b387232b6c0c,True,False,0.0035153797865662274
D78df4a50ef94,The effects of non-fungible token platform affordances on customer loyalty_ A Buyer-Creator duality perspective_compressed.pdf,The effects of non-fungible token platform affordances on customer loyalty_ A Buyer-Creator duality perspective_compressed.pdf,78df4a50ef944aca71ee5f5021f257f3667a7f32ecc3c75bf30a2377f9537fc9,included,16,14518,11445,6487,d2007da49f58fe4e1159e160fae053b039e4de4a367e648fa0a908e78bb23368,True,False,0.00017474879860200962
Df606698e5a62,The New Economic Models of Metaverse and Its Implications in International Financial Markets_chapter.pdf,The New Economic Models of Metaverse and Its Implications in International Financial Markets_chapter.pdf,f606698e5a62c1330ed6598bc1040e52d85cd4ecdd8973fdb4f801a4d9af985b,included,10,4559,3977,2037,a074725e9b3a4d2df0d019e6a4a29fc329c49497493339394090ee85979981a0,True,False,0.0007543374402816193
D4531a0b32047,The rise and fall of cryptocurrencies.pdf,The rise and fall of cryptocurrencies.pdf,4531a0b32047926fbb2c1f3ecd97fdbc008dec8569d3c4c34a0b3e3ead4d626f,included,34,17533,13794,7287,62418fec641b345d63fc5233a4b11157d8b879f9236ed2eb83369e4a9a715afa,True,False,0.0005799623024503408
D399d99db36b3,The Study of DeFi in Virtual Community and Financial Supervision_compressed.pdf,The Study of DeFi in Virtual Community and Financial Supervision_compressed.pdf,399d99db36b3d4af1cda21cb2ce18f07db8641cff407bccf53944ccd4d79e7d1,included,8,5631,5045,2731,87d3efecf238a50907e846bbdf3019ee68e40361906188b6d476b2ad7f9b2b26,True,False,0.0009910802775024777
D2ddae8e6696b,The Technological Innovation of the Metaverse in Financial_compressed.pdf,The Technological Innovation of the Metaverse in Financial_compressed.pdf,2ddae8e6696b07c6a055373cb0fce0fdc145309c547c71899a6759d7cdb35d73,included,17,13572,11225,6044,78a7d28c30340037938eeac79d9ef54c2796afe19d3db8702f5eb32dba8730a4,True,False,0.0033853006681514477
Db4a620abe159,The_metaverse_applications_for_the_finance_industry_its_challenges_and_an_approach_for_the_metaverse_finance_industry_compressed.pdf,The_metaverse_applications_for_the_finance_industry_its_challenges_and_an_approach_for_the_metaverse_finance_industry_compressed.pdf,b4a620abe1598e884be5c12f0f6cb5bd7e729ef04729509114cdf00f5822babc,included,4,2866,2455,1330,babf48f140563ac04b41baff96d771a78658eb1ede913af2506f859360f2f6d4,True,False,0.0036659877800407333
D1f315032455a,Towards_Secure_AI-driven_Industrial_Metaverse_with_NFT_Digital_Twins_compressed.pdf,Towards_Secure_AI-driven_Industrial_Metaverse_with_NFT_Digital_Twins_compressed.pdf,1f315032455aff9fed8e7327825650756af20c9c563d3db620bd0876087a277b,included,9,6990,5618,2923,fb95b98ef0b3c5cb3681eaa44a63908a348d90c0666763664b26979c7735712c,True,False,0.000533997864008544
D9c3426dab355,Trusted_AI_with_Blockchain_to_Empower_Metaverse_compressed.pdf,Trusted_AI_with_Blockchain_to_Empower_Metaverse_compressed.pdf,9c3426dab3556e90309310622804a11ae10c06086d6d113674c3d73cd22e7e5a,included,8,6643,4761,2650,d39b380d331f8901befea9572847d4acc31dba8e46b563d52c4e1e05febc2324,True,False,0.0010501995379122034
D1a5520aa7ae7,Unraveling the dynamics of digital equality and trust in AI-empowered metaverses and AI-VR-convergence_compressed.pdf,Unraveling the dynamics of digital equality and trust in AI-empowered metaverses and AI-VR-convergence_compressed.pdf,1a5520aa7ae7f52aee0acbfc7fe0c4e7b151a0f492171c709dc56e0a1ad8f0ad,included,20,17842,13644,7321,80f9ddfb8bd9f4dd5da1e66d0ff600d41c1cca14c6a742ee7d180e661d41dfba,True,False,0.0002931691586045148
Dced739924e6e,Urban metaverse and blockchain.pdf,Urban metaverse and blockchain.pdf,ced739924e6e3c51390e60e504e2d963acc1c6280482d5760218b3134b49bebf,included,40,29640,26429,14766,86563c767151c95e8aa0e7e193c6a7bb9e26f523c1932388c2806ec5382f7be7,True,False,0.001324302849142987
