document_id,filename,T01,T02,T03,T04,T05,T06,T07,T08,T09,T10,T11
D569a973fcbb6,A blockchain-based signature exchange protocol for metaverse_compressed.pdf,0.0030255198119077046,0.0002473438499641298,0.029142637453546016,0.037890681703121806,0.016492172176941346,0.025214793682605072,0.7394226730618622,0.06245722827312522,0.0002473471559236698,0.028251693616450677,0.05760790921455235
D957f80b1f6a0,A Mini Review on Purchaser Security in the Metaverse - extracted chapter.pdf,0.008564684217092415,0.1455644881048613,0.013726915558229557,0.00023118674643280053,0.03105464937064609,0.014012897740616403,0.00023118478014595982,0.03413733323935558,0.0002311900209531214,0.01889525934913666,0.73335021087253
D6486a0b043d4,A Prelude to Cybersecurity Challenges in the Metaverse - extracted chapter.pdf,0.008790570328746273,0.13924249772507702,0.01843635068037661,0.0046294999388534685,0.12247744276362009,0.07582583689113075,0.017281773302425397,0.16471718619237993,0.015920062656055004,0.0002540722325710953,0.43242470728876437
Dc3ba77443e3f,A_privacy_awareness_framework_for_NFT_avatars_in_the_metaverse_compressed.pdf,0.000262361351683359,0.5940105007625591,0.0002623614295147398,0.007496522598870272,0.10890217729238624,0.10594172493700053,0.07653384703564817,0.0002623592529455217,0.00026235787051198575,0.00026236309277411136,0.10580342437610592
D65ab9f4e98ce,A_Smart_Contract-Based_Authentication_Scheme_for_Securing_Metaverse_Environment_in_Web_3.0_compressed.pdf,0.0030194403709138274,0.05916955309823361,0.017545333570426265,0.05064868094693374,0.00026531566009689627,0.006286464932932138,0.4618660632660171,0.02116116789292737,0.003195927191685261,0.10885408219772442,0.26798797087210935
D6baa23748f4c,Accounting Profession in Metaverse Era - NFT_compressed.pdf,0.04338353407528189,0.00024365163384429723,0.06381520805687736,0.00024364626290533165,0.09094113000588026,0.22306697357922012,0.00024364859504287428,0.06850456618478133,0.33964039397607443,0.000243647294830154,0.16967360033526208
Dfd64df1a4eaf,Advanced_Encryption_Using_Generative_Adversarial_Network_for_Enhancing_Security_of_Non-Fungible_Tokens_NFTs_compressed.pdf,0.0002660600243566378,0.16644620894930698,0.0020166202620312164,0.02679660366926936,0.0002660601091401368,0.12408280360151654,0.02932902958670008,0.018478681569942413,0.005597150834330392,0.5567063715165524,0.07001440987685384
D24774522d751,AI-based_Malicious_Bitcoin_Transaction_Detection_Framework_for_Real_Estate_in_Metaverse_compressed.pdf,0.006159129840646776,0.5063487649893327,0.005304789189342377,0.09700715585673456,0.0002304634831379318,0.05661724529396147,0.0354363891419334,0.08832141403235753,0.00023045739694087082,0.00023046476295282274,0.2041137260126595
Dc35d9a0e2a20,Artificial_Intelligence-Based_Cybersecurity_for_the_Metaverse_Research_Challenges_and_Opportunities_compressed.pdf,0.0024429401651077545,0.560483858577427,0.0031676884888421535,0.00023343735626943428,0.04733217433557161,0.02478414326596525,0.007756772676094066,0.025115519001205726,0.002438932416561482,0.012712871563906223,0.3135316621530494
D5279c89a9098,Blockchain for the metaverse_ Recent advances taxonomy and future challenges_compressed.pdf,0.00230680292700371,0.07231009540468863,0.0178484873544852,0.012713750153000747,0.08654144959097702,0.06515236171947117,0.05830161937652801,0.020439594754169406,0.009291898910358306,0.11159191273158091,0.5435020270777369
D57c6968f2827,Blockchain-based asset storage and service mechanism to metaverse universe_ Metarepo_compressed.pdf,0.008237715214061431,0.0928921321871449,0.1892527406666044,0.02498034364946894,0.10269308462386324,0.018963846601471865,0.1831151267499198,0.03110944513736553,0.006204435095760463,0.05670498627440193,0.2858461437999376
Df64cb83374bc,Blockchain-Based_Privacy-Preserving_and_Accountable_Mobile_Edge_Outsourcing_Computing_Framework_for_the_Metaverse_compressed.pdf,0.04553612209829757,0.06013987270977718,0.014880534012190555,0.03368573046062384,0.00026505040025132136,0.0026124044888312507,0.36893819935502514,0.001728461946728387,0.0002650478244229612,0.31862246822446866,0.15332610847938308
Dfb76bf848dd2,Blockchain-based_Security_Framework_for_Metaverse_A_Decentralized_Approach_compressed.pdf,0.012082985702555544,0.017923838889663597,0.01240868974817928,0.0243242108219139,0.00024949077736038434,0.00024948348967474075,0.032626175207684134,0.06369606847447494,0.00024947922310941206,0.05675691596640768,0.7794326616989764
D6bbb4f6b30f4,Blockchain-Based_Trust_Management_for_Virtual_Entities_in_the_Metaverse_A_Model_for_Avatar_and_Virtual_Organization_Interactions_compressed.pdf,0.11424666273364993,0.06351415122208144,0.008857436489800075,0.3365926286324397,0.018448918564194727,0.012803811019560336,0.01008158875075151,0.00047962415336932007,0.006121494450387811,0.27016112969887596,0.15869255428488915
D165861071eca,Blockchain-Empowered_Privacy-Preserving_Digital_Object_Trading_in_the_Metaverse_compressed.pdf,0.0002680156416157431,0.0002680261874401515,0.02491104497118903,0.07704617600589808,0.0002680240112847192,0.12911505447474783,0.6127052148185601,0.004939684828698935,0.0002680201118460487,0.039570190869201605,0.11064054807951793
Dc414a91a176a,Bridging Law and Machine Learning_ A Cybersecure Model for Classifying Digital Real Estate Contracts in the Metaverse_compressed.pdf,0.02279266078105083,0.29482307262333995,0.014225834647830069,0.1123183905556065,0.21624342462676677,0.0876619137402605,0.011512351517383529,0.006691161958763093,0.05926321657538784,0.00024147927055374874,0.17422649370305726
D03403c0839c3,Challenges_and_Opportunities_of_Integrating_Non-Fungible_Tokens_NFTs_and_Self-Sovereign_AI_SSAI_in_Blockchain-Based_Metaverse_Projects_compressed.pdf,0.00024910133354003115,0.037582030655745294,0.0033579162750844937,0.002976707590708716,0.0352022003238607,0.1395833165610277,0.009640456190154897,0.02707648335957273,0.03716713467551685,0.00024910204192443833,0.7069155509928641
Db80703b6ee6c,Classification of NFT Security Issues and Threats through Case Analysis.pdf,0.00024233513009609372,0.13393737507144268,0.05645872590696193,0.00976252364665592,0.017877685066628717,0.22172135662431028,0.027432042494882125,0.4117881976252862,0.009297368687140845,0.009688695412253838,0.10179369433434148
Ddc6958bc957f,"Criminology Towards the Metaverse_ Cryptocurrency Scams, Grey Economy and the Technosocial_compressed.pdf",0.01232424346537041,0.0060884995458012695,0.028404171392258364,0.0002483353995472326,0.020755978566657028,0.06368431002432742,0.003712571851856792,0.7648264663238387,0.04311247711388471,0.00024833558122820963,0.05659461073522967
Df993b1e11c98,Cryptocurrency in the metaverse.pdf,0.01643894159040979,0.010695481187417559,0.010552348891393797,0.012342008928009893,0.00023839261836378805,0.00023838578710388739,0.06495160528864885,0.0005719841951225302,0.0029341035272205168,0.19248589534983462,0.6885508526364749
D74bc17aea3dd,Cyber security vulnerabilities and threat mitigation strategies.pdf,0.0047101100360073915,0.2530561940036853,0.0002371685220747997,0.0007396389002115707,0.0618033147258397,0.0006926283712224269,0.0065688669243060775,0.02917825552838082,0.00023716688641035899,0.005144382831836695,0.6376322732700249
D63d7b065ccb8,Decentralized_autonomous_organizations_review_importance_and_applications_compressed.pdf,0.00022107506640971946,0.00022107197780772561,0.03304829721844383,0.004297559504828282,0.20375292805405132,0.06102040870360864,0.19472054085004759,0.08655869115360877,0.03518630425784587,0.10707540612741007,0.27389771708593813
Db1ac098543ec,Demystifying opportunities and risk for businesses_ A qualitative enquiry_compressed.pdf,0.027145263564892646,0.00024877894123799397,0.006051282471084298,0.00024877805066244723,0.041876665464878705,0.033864221275624676,0.0002487686900477158,0.000248785291703859,0.008937053399323233,0.0002487711388163972,0.8808816317117281
D1095d64c71c1,Design_of_Secure_Mutual_Authentication_Scheme_for_Metaverse_Environments_Using_Blockchain_compressed.pdf,0.000863188576250841,0.06361200377508616,0.005271003590420699,0.00025433633512423676,0.000254345326934063,0.05637391081177329,0.6648645392531863,0.00025433811457145736,0.0002543431694386234,0.022145155804366788,0.1858528352428475
Dcb7f93f9aa99,Detecting_Smart_Contract_Project_Anomalies_in_Metaverse_compressed.pdf,0.018822660164612277,0.41801122042733657,0.013553281932373528,0.0493854890186493,0.01821704583338941,0.0064110683621771015,0.15193992789509392,0.1703108309050477,0.0002360643573579526,0.10654618420087478,0.04656622690308748
D524a4f047a09,Eden_An_Edge_Computing_Empowered_Proof-of-Personhood_Protocol_for_Anti-Sybil_in_Blockchain-based_Metaverse_compressed.pdf,0.02394210081159151,0.2869953039756171,0.013763087958903991,0.25270198581065517,0.036459337886500104,0.019547033615130535,0.13085062791872853,0.042064630886978066,0.0002529461788901058,0.05557317720123398,0.13784976775577082
De395cd4ff88c,Efficient post-quantum attribute-based access control scheme for blockchain-empowered metaverse data management_compressed.pdf,0.0023990536451975403,0.005136620178144384,0.013621966530983952,0.022756448281846694,0.040622698745141565,0.009030142000353583,0.12757878662007843,0.0002579102504029597,0.0013846307601956636,0.6955507445459902,0.0816609984416651
D7654ca3e0443,Enhancing_Identity_Security_in_the_Metaverse_Solutions_Using_AI_Blockchain_and_NFTs_compressed.pdf,0.04569322530814888,0.4029566060875467,0.00026753912947713595,0.004728303612234114,0.008834894273175633,0.04426622294813,0.0002675396749157978,0.0002675340403474311,0.0002675358063894828,0.00026753963826505156,0.4921830594813696
Ddef784be4369,Ethical_and_Legal_Challenges_of_NFTs_chapter_extracted.pdf,0.16593421242672562,0.0002541135317370942,0.14617747834264666,0.00025411276868753227,0.027470171727908912,0.20185052869775164,0.003717677219530693,0.031542890578158254,0.03914028467840966,0.0002541119055102099,0.38340441812293374
De6773a6d4648,Exploring-NFTs-and-Metaverse-Collaborations_-Innovations-Opportunities-and-Challenges_compressed.pdf,0.00025097035666502715,0.0002509700572613861,0.019938960656605147,0.006461499302109086,0.03328333553227801,0.4031126667993339,0.0037520386228853736,0.06767114632026451,0.05787628983885408,0.000250971648114071,0.4071511508656294
D6cf278e5b911,Financial cybercrime in the Islamic Finance Metaverse_compressed.pdf,0.00022809536966027702,0.07071176614390229,0.010214735873727267,0.00022809270876083978,0.04183569598143099,0.0647545700137875,0.010369530682707927,0.4570916787366374,0.00022809649492596242,0.005741036113412682,0.3385967018810469
D5d212714e9a4,Freedom_and_Restraint_in_Dark_Forest_A_Peek_at_the_Metaverse_Through_a_Blockchain_Game_compressed.pdf,0.000246381054723969,0.013826875729733089,0.7394579115280258,0.007644915402909586,0.0641382727404256,0.015462074008140137,0.031941527589564735,0.0006670964862170203,0.05427215420032162,0.011036233393470325,0.06130655786646826
Dce466cf22246,Fusing_Blockchain_and_AI_With_Metaverse_A_Survey_compressed.pdf,0.0002469641784597101,0.12688474944028294,0.10754061987793077,0.010207510762420229,0.11961621995029323,0.030699183613745653,0.061600090390000306,0.06481014012749248,0.007141236531437471,0.04115610838353749,0.43009717674439973
D8f2ad68926ef,GenAI with custom trained.pdf,0.00026373828840859205,0.592726279123826,0.005165945778868933,0.0002637370213066746,0.037584661840461636,0.07318799454656591,0.08809927566605658,0.0002637414002982119,0.0002637320999009076,0.014654853227238224,0.18752604100706816
D28078c8a10cc,Innovative Accounting and Auditing.pdf,0.007653072730484635,0.009305417369634783,0.11987672145185083,0.0025330126733218014,0.5273329539775842,0.12951537099666546,0.006195614508247488,0.007390605022537658,0.043795671102316816,0.00024097689946895971,0.14616058326788742
Dfed6d84a0e4f,Is the metaverse failing.pdf,0.06772404847921176,0.002757858545681787,0.1063537982043205,0.0002471883927611442,0.024620739540576028,0.6976002728915831,0.00024718865514137465,0.0220837137485763,0.013195074454211078,0.0030978726540845597,0.06207224443385229
D21cf0acb1a9a,Jurisdictional_Challenges_in_Metaverse_chapter.pdf,0.01795118321570783,0.00024205647876149035,0.011142305662939353,0.012068041108477222,0.5024441280688844,0.0002420698698944451,0.014053956583063387,0.16109762112335851,0.00024206169919626784,0.0002420538140686068,0.2802745223756485
Dc0b4b006fee0,Legal_Challenges_of_Intellectual_Property_in_the_Metaverse_Under_UAE_Intellectual_Property_Law_Trademarks_Copyrights_Patents_compressed.pdf,0.018211502762239627,0.00024571402908643087,0.03950053239743956,0.00024570923216522356,0.27171694143653113,0.17100302902467357,0.0002457205322825687,0.04819368158249193,0.0130625591188999,0.0002457125222167585,0.4373288973619735
D7d7f6f621da1,Legalities_in_Metaverse__Ethereum_Fraud_Detection_compressed.pdf,0.01564371811374218,0.720464142732492,0.062227239577902424,0.010804504335409935,0.013111051042643877,0.0016927755763843624,0.016500279080964766,0.03776759693891184,0.014757133183608625,0.00023567499316585588,0.1067958844247741
De9070d0f44e5,Meta-Governance_Blockchain-Driven_Metaverse_Platform_for_Mitigating_Misbehavior_Using_Smart_Contract_and_AI_compressed.pdf,0.01757834763485729,0.50960257311889,0.025978026049004295,0.04437286026911464,0.06926301847056905,0.0002545578530465949,0.02278768287817808,0.0002545573637607061,0.0002545570819370947,0.05856652514552524,0.25108729413511693
D39a7eeed7aaa,MetaL_A_Fully_Decentralized_User-Driven_Access_Control_Scheme_for_Metaverse_Utilizing_MC-ABE_and_Sharding_Blockchain_compressed.pdf,0.00024258717261350465,0.00590149256210782,0.01039368592722983,0.00024258187598482774,0.022409734605026474,0.025987055207302726,0.11571890755503397,0.029900577403330745,0.0006613026012254725,0.6467923129563753,0.14174976213376933
De11ad817ca1d,METAseen_ analyzing network traffic and privacy policies in Web 3.0 based Metaverse_compressed.pdf,0.00024262907466584174,0.1441055726580699,0.02742302354334635,0.013955525957468712,0.6164078842446524,0.006049446526091688,0.046433794961960546,0.00024262587858583636,0.012392538397121743,0.0028444732510954788,0.1299024855069414
D8d6830743dfc,Metaverse_The_Potential_Threats_in_the_Virtual_World_chapter_pages_84-92.pdf,0.00023863324441721434,0.0002386358276357466,0.015295886853712694,0.00023862452291451358,0.10281960137700263,0.07852421189379412,0.02301246279916829,0.10829361745410543,0.09824442740477422,0.00023862996981029844,0.5728552686526649
Ddffd47d0866a,Modelling BTC networks.pdf,0.022007970827218927,0.11695515094176143,0.13526687002193283,0.06378074314684534,0.11742884450767878,0.00025509977963634686,0.00572674993141975,0.033863046275209474,0.005776089261916132,0.38060447050524027,0.11833496480114089
D1c167b303ed0,"Money, possessions, and ownership in the Metaverse_ NFTs, cryptocurrencies, Web3 and Wild Markets_compressed.pdf",0.005654661111454831,0.004275752492386597,0.07127161915429861,0.000263744454147208,0.027732703077945682,0.4359267064178468,0.0002637421616573738,0.11855132400723793,0.15862424694478514,0.0002637471145890384,0.1771717530636509
D5df71bcd7569,Navigating_Consumer_Rights_and_Ethical_Advertising_in_the_Metaverse_chapter.pdf,0.4350068509311727,0.053128290950158356,0.1525123303216844,0.00023118391570140108,0.0473250694838924,0.0002311935025939546,0.00023118444220782993,0.06541236444709823,0.07905175315127322,0.00023118518927956128,0.16663859366493794
Da7ef797c3412,NFT-Based_Digital_Identity_Authentication_Framework_for_the_Metaverse_Environments_compressed.pdf,0.00023810495414112974,0.3027643731443961,0.0010141369244092851,0.03528678129069558,0.00023810618975033396,0.02425156780794679,0.29881288604235334,0.002381739101855712,0.00023810126286176925,0.01757852453033436,0.3171956787512558
D933970ff55c6,"NFTs for accessing, monetizing, and teleporting digital twins and digital artifacts in the metaverse_compressed.pdf",0.0024581328011126996,0.0543146010695326,0.01659055719535466,0.12610642094092914,0.005108664954950559,0.3456818263454842,0.21375951938580137,0.0006995500945653244,0.008846607702636455,0.03811688156077937,0.18831723794885355
D514e784e1e1b,NFTs for combating deepfakes and fake metaverse digital contents_compressed.pdf,0.0026990505118206654,0.17037596546848055,0.017551672572709728,0.30414749549078784,0.003191883676158437,0.2791152998459416,0.09645515746874926,0.004549229550821485,0.03384098001313275,0.008276448282986236,0.07979681711841145
Dfdc0a7ab21ac,Opportunities to future crime_ Scoping the future of money laundering and terrorist financing through cryptoassets_compressed.pdf,0.015431785593591263,0.006133032511631327,0.11802791735672791,0.010051495491748096,0.07881233447263536,0.09345346235779232,0.01605090917289164,0.6153176628334214,0.007290682429598325,0.007054391169493081,0.032376326610469346
D9894a8b2bb51,Payment System Vulnerabilities.pdf,0.0002739392629339139,0.18362709233179128,0.00027393566893878284,0.000273937667072384,0.10227869015493553,0.0002739424755752564,0.14514006894035023,0.24433328157327378,0.005365046791040978,0.07300174683573353,0.24515831829835436
Da6361d07d275,Seamless_Asset_Exchange_in_Interconnected_Metaverses_Unraveling_On-Chain_Atomic_Swap_compressed.pdf,0.0002622754258469056,0.0002622736020251443,0.006927863676522688,0.010649985064294565,0.0022378147448070423,0.024630401802061906,0.66389135118381,0.017980024728187768,0.002387878294017484,0.0712074757536888,0.19956265572473775
D3ab7a5b14686,Securing_the_Metaverse_chapter_extracted.pdf,0.0002842904226956189,0.13999070346154674,0.0002842961556650706,0.045215460447022474,0.0229062005893344,0.00028429193382940296,0.05284541207490963,0.026702065967549964,0.0685960252152889,0.3502872161859768,0.29260403754618103
D2590938a004e,Stylized facts of metaverse non-fungible tokens_compressed.pdf,0.010405251103501663,0.024438173542404053,0.031674637191742995,0.0067450325262880225,0.02468880451207279,0.08683113932166357,0.008452039613951657,0.04903167462940084,0.47587215427878504,0.014183034155266942,0.26767805912492254
D4bfedf8b0798,"The Digital Payment Revolution in the Metaverse_ A Systematic Review of Emerging Technologies, Challenges, and Future Directions_compressed.pdf",0.06047129105090194,0.05260465431031084,0.37907918293932313,0.034646185597654006,0.00024185317633429183,0.00024185177201071524,0.000784760255223951,0.009512311725840245,0.02420944571050115,0.00024185761212181366,0.4379666058497779
D78df4a50ef94,The effects of non-fungible token platform affordances on customer loyalty_ A Buyer-Creator duality perspective_compressed.pdf,0.11369122986417814,0.011812904770686741,0.1048412120487827,0.01699457902920018,0.003830350115245241,0.6330781906774022,0.00025985817860168056,0.0002598601983451481,0.04478132757404124,0.00025985893004382555,0.07019062861347272
Df606698e5a62,The New Economic Models of Metaverse and Its Implications in International Financial Markets_chapter.pdf,0.0043370670736524106,0.00024518075275176344,0.04867823969460249,0.0002451843764703549,0.04336670636311231,0.028153444587524792,0.012213229178449863,0.20988831062568694,0.06559335954636239,0.009963985082861816,0.5773152927185249
D4531a0b32047,The rise and fall of cryptocurrencies.pdf,0.01039853559704104,0.03312344874840194,0.13396688616395055,0.004423578216110218,0.03559455540511185,0.09727269042222919,0.005242760079928074,0.3728804164301225,0.024754497274894018,0.03024611627104748,0.25209651539116323
D399d99db36b3,The Study of DeFi in Virtual Community and Financial Supervision_compressed.pdf,0.0002610636614288261,0.006872972610679443,0.19298414129306993,0.0038207509676712937,0.0843766217184144,0.028404762718738968,0.09302924822445387,0.2855160792524238,0.000261068768386326,0.03931050115970858,0.26516278962502465
D2ddae8e6696b,The Technological Innovation of the Metaverse in Financial_compressed.pdf,0.021505607139329117,0.0035457384462011248,0.4482380616835581,0.0011363373396849675,0.029401651049380802,0.005664860126729609,0.006036183876115718,0.06236424886010245,0.004839423024377812,0.0002646046445799975,0.4170032838099402
Db4a620abe159,The_metaverse_applications_for_the_finance_industry_its_challenges_and_an_approach_for_the_metaverse_finance_industry_compressed.pdf,0.0002261626607336491,0.01820393928353762,0.03152891316529611,0.00022615959422111806,0.014447546252709796,0.019450906855943518,0.011716177399698805,0.2496394037143366,0.0002261645758563855,0.004265614118849821,0.6500690123788165
D1f315032455a,Towards_Secure_AI-driven_Industrial_Metaverse_with_NFT_Digital_Twins_compressed.pdf,0.0002419831047741849,0.753334879246088,0.0035765222864383934,0.009085102944646112,0.0002419816500901519,0.08337544494175134,0.007209571498016533,0.00024197786486351418,0.006433132929944151,0.00024198532586496135,0.1360174182075226
D9c3426dab355,Trusted_AI_with_Blockchain_to_Empower_Metaverse_compressed.pdf,0.005606059988718299,0.5069653404729951,0.0018983579859381749,0.11770061174376781,0.027794139885707902,0.01670820416395616,0.09333887335457722,0.006393675754444533,0.00022596977779265032,0.03119802936879644,0.1921707375033056
D1a5520aa7ae7,Unraveling the dynamics of digital equality and trust in AI-empowered metaverses and AI-VR-convergence_compressed.pdf,0.4711687227527093,0.008460996240642777,0.04256639831048991,0.003498411575293889,0.048857432422374204,0.019115476349519447,0.0005556951105124968,0.0018371314629353408,0.11254210395715393,0.0013911322708178122,0.29000649954755087
Dced739924e6e,Urban metaverse and blockchain.pdf,0.0023385031027514784,0.31284504479798847,0.005224316498512691,0.0010555913468902139,0.39612509209247665,0.009863180892836651,0.06670315225976044,0.012662980659535106,0.004369555612652367,0.031537283045345664,0.1572752996912502
