document_id,filename,all_units,training_units,fewer_than_50_units,inference_uses_all_units,in_vocabulary_tokens
D569a973fcbb6,A blockchain-based signature exchange protocol for metaverse_compressed.pdf,9,9,True,True,3299
D957f80b1f6a0,A Mini Review on Purchaser Security in the Metaverse - extracted chapter.pdf,4,4,True,True,1569
D6486a0b043d4,A Prelude to Cybersecurity Challenges in the Metaverse - extracted chapter.pdf,13,13,True,True,4638
Dc3ba77443e3f,A_privacy_awareness_framework_for_NFT_avatars_in_the_metaverse_compressed.pdf,5,5,True,True,1727
D65ab9f4e98ce,A_Smart_Contract-Based_Authentication_Scheme_for_Securing_Metaverse_Environment_in_Web_3.0_compressed.pdf,9,9,True,True,3075
D6baa23748f4c,Accounting Profession in Metaverse Era - NFT_compressed.pdf,7,7,True,True,2605
Dfd64df1a4eaf,Advanced_Encryption_Using_Generative_Adversarial_Network_for_Enhancing_Security_of_Non-Fungible_Tokens_NFTs_compressed.pdf,12,12,True,True,4088
D24774522d751,AI-based_Malicious_Bitcoin_Transaction_Detection_Framework_for_Real_Estate_in_Metaverse_compressed.pdf,4,4,True,True,1574
Dc35d9a0e2a20,Artificial_Intelligence-Based_Cybersecurity_for_the_Metaverse_Research_Challenges_and_Opportunities_compressed.pdf,34,34,True,True,13208
D5279c89a9098,Blockchain for the metaverse_ Recent advances taxonomy and future challenges_compressed.pdf,35,35,True,True,13250
D57c6968f2827,Blockchain-based asset storage and service mechanism to metaverse universe_ Metarepo_compressed.pdf,9,9,True,True,3332
Df64cb83374bc,Blockchain-Based_Privacy-Preserving_and_Accountable_Mobile_Edge_Outsourcing_Computing_Framework_for_the_Metaverse_compressed.pdf,13,13,True,True,4446
Dfb76bf848dd2,Blockchain-based_Security_Framework_for_Metaverse_A_Decentralized_Approach_compressed.pdf,5,5,True,True,1817
D6bbb4f6b30f4,Blockchain-Based_Trust_Management_for_Virtual_Entities_in_the_Metaverse_A_Model_for_Avatar_and_Virtual_Organization_Interactions_compressed.pdf,19,19,True,True,7056
D165861071eca,Blockchain-Empowered_Privacy-Preserving_Digital_Object_Trading_in_the_Metaverse_compressed.pdf,7,7,True,True,2366
Dc414a91a176a,Bridging Law and Machine Learning_ A Cybersecure Model for Classifying Digital Real Estate Contracts in the Metaverse_compressed.pdf,8,8,True,True,3004
D03403c0839c3,Challenges_and_Opportunities_of_Integrating_Non-Fungible_Tokens_NFTs_and_Self-Sovereign_AI_SSAI_in_Blockchain-Based_Metaverse_Projects_compressed.pdf,9,9,True,True,3275
Db80703b6ee6c,Classification of NFT Security Issues and Threats through Case Analysis.pdf,6,6,True,True,2245
Ddc6958bc957f,"Criminology Towards the Metaverse_ Cryptocurrency Scams, Grey Economy and the Technosocial_compressed.pdf",10,10,True,True,3651
Df993b1e11c98,Cryptocurrency in the metaverse.pdf,16,16,True,True,6086
D74bc17aea3dd,Cyber security vulnerabilities and threat mitigation strategies.pdf,9,9,True,True,3441
D63d7b065ccb8,Decentralized_autonomous_organizations_review_importance_and_applications_compressed.pdf,4,4,True,True,1641
Db1ac098543ec,Demystifying opportunities and risk for businesses_ A qualitative enquiry_compressed.pdf,7,7,True,True,2551
D1095d64c71c1,Design_of_Secure_Mutual_Authentication_Scheme_for_Metaverse_Environments_Using_Blockchain_compressed.pdf,9,9,True,True,3208
Dcb7f93f9aa99,Detecting_Smart_Contract_Project_Anomalies_in_Metaverse_compressed.pdf,7,7,True,True,2689
D524a4f047a09,Eden_An_Edge_Computing_Empowered_Proof-of-Personhood_Protocol_for_Anti-Sybil_in_Blockchain-based_Metaverse_compressed.pdf,7,7,True,True,2509
De395cd4ff88c,Efficient post-quantum attribute-based access control scheme for blockchain-empowered metaverse data management_compressed.pdf,14,14,True,True,4921
D7654ca3e0443,Enhancing_Identity_Security_in_the_Metaverse_Solutions_Using_AI_Blockchain_and_NFTs_compressed.pdf,5,5,True,True,1693
Ddef784be4369,Ethical_and_Legal_Challenges_of_NFTs_chapter_extracted.pdf,7,7,True,True,2497
De6773a6d4648,Exploring-NFTs-and-Metaverse-Collaborations_-Innovations-Opportunities-and-Challenges_compressed.pdf,10,10,True,True,3612
D6cf278e5b911,Financial cybercrime in the Islamic Finance Metaverse_compressed.pdf,5,5,True,True,1988
D5d212714e9a4,Freedom_and_Restraint_in_Dark_Forest_A_Peek_at_the_Metaverse_Through_a_Blockchain_Game_compressed.pdf,11,11,True,True,4048
Dce466cf22246,Fusing_Blockchain_and_AI_With_Metaverse_A_Survey_compressed.pdf,13,13,True,True,4772
D8f2ad68926ef,GenAI with custom trained.pdf,6,6,True,True,2062
D28078c8a10cc,Innovative Accounting and Auditing.pdf,7,7,True,True,2634
Dfed6d84a0e4f,Is the metaverse failing.pdf,15,15,True,True,5502
D21cf0acb1a9a,Jurisdictional_Challenges_in_Metaverse_chapter.pdf,5,5,True,True,1873
Dc0b4b006fee0,Legal_Challenges_of_Intellectual_Property_in_the_Metaverse_Under_UAE_Intellectual_Property_Law_Trademarks_Copyrights_Patents_compressed.pdf,6,6,True,True,2214
D7d7f6f621da1,Legalities_in_Metaverse__Ethereum_Fraud_Detection_compressed.pdf,9,9,True,True,3463
De9070d0f44e5,Meta-Governance_Blockchain-Driven_Metaverse_Platform_for_Mitigating_Misbehavior_Using_Smart_Contract_and_AI_compressed.pdf,12,12,True,True,4273
D39a7eeed7aaa,MetaL_A_Fully_Decentralized_User-Driven_Access_Control_Scheme_for_Metaverse_Utilizing_MC-ABE_and_Sharding_Blockchain_compressed.pdf,9,9,True,True,3364
De11ad817ca1d,METAseen_ analyzing network traffic and privacy policies in Web 3.0 based Metaverse_compressed.pdf,14,14,True,True,5232
D8d6830743dfc,Metaverse_The_Potential_Threats_in_the_Virtual_World_chapter_pages_84-92.pdf,3,3,True,True,1140
Ddffd47d0866a,Modelling BTC networks.pdf,18,18,True,True,6397
D1c167b303ed0,"Money, possessions, and ownership in the Metaverse_ NFTs, cryptocurrencies, Web3 and Wild Markets_compressed.pdf",7,7,True,True,2406
D5df71bcd7569,Navigating_Consumer_Rights_and_Ethical_Advertising_in_the_Metaverse_chapter.pdf,4,4,True,True,1569
Da7ef797c3412,NFT-Based_Digital_Identity_Authentication_Framework_for_the_Metaverse_Environments_compressed.pdf,6,6,True,True,2285
D933970ff55c6,"NFTs for accessing, monetizing, and teleporting digital twins and digital artifacts in the metaverse_compressed.pdf",13,13,True,True,4875
D514e784e1e1b,NFTs for combating deepfakes and fake metaverse digital contents_compressed.pdf,15,15,True,True,5466
Dfdc0a7ab21ac,Opportunities to future crime_ Scoping the future of money laundering and terrorist financing through cryptoassets_compressed.pdf,21,21,True,True,7439
D9894a8b2bb51,Payment System Vulnerabilities.pdf,4,4,True,True,1323
Da6361d07d275,Seamless_Asset_Exchange_in_Interconnected_Metaverses_Unraveling_On-Chain_Atomic_Swap_compressed.pdf,10,10,True,True,3456
D3ab7a5b14686,Securing_the_Metaverse_chapter_extracted.pdf,4,4,True,True,1274
D2590938a004e,Stylized facts of metaverse non-fungible tokens_compressed.pdf,21,21,True,True,7494
D4bfedf8b0798,"The Digital Payment Revolution in the Metaverse_ A Systematic Review of Emerging Technologies, Challenges, and Future Directions_compressed.pdf",11,11,True,True,4124
D78df4a50ef94,The effects of non-fungible token platform affordances on customer loyalty_ A Buyer-Creator duality perspective_compressed.pdf,15,15,True,True,5233
Df606698e5a62,The New Economic Models of Metaverse and Its Implications in International Financial Markets_chapter.pdf,5,5,True,True,1849
D4531a0b32047,The rise and fall of cryptocurrencies.pdf,18,18,True,True,6505
D399d99db36b3,The Study of DeFi in Virtual Community and Financial Supervision_compressed.pdf,7,7,True,True,2430
D2ddae8e6696b,The Technological Innovation of the Metaverse in Financial_compressed.pdf,14,14,True,True,4796
Db4a620abe159,The_metaverse_applications_for_the_finance_industry_its_challenges_and_an_approach_for_the_metaverse_finance_industry_compressed.pdf,3,3,True,True,1203
D1f315032455a,Towards_Secure_AI-driven_Industrial_Metaverse_with_NFT_Digital_Twins_compressed.pdf,7,7,True,True,2623
D9c3426dab355,Trusted_AI_with_Blockchain_to_Empower_Metaverse_compressed.pdf,6,6,True,True,2408
D1a5520aa7ae7,Unraveling the dynamics of digital equality and trust in AI-empowered metaverses and AI-VR-convergence_compressed.pdf,16,16,True,True,5403
Dced739924e6e,Urban metaverse and blockchain.pdf,35,35,True,True,12761
