document_id,dominant_topic,dominant_topic_weight,normalized_topic_entropy,effective_topic_count
D569a973fcbb6,T07,0.7394226730618622,0.44656729375092535,2.9177757678184464
D957f80b1f6a0,T11,0.73335021087253,0.4050686754372137,2.641408405904429
D6486a0b043d4,T11,0.43242470728876437,0.6944200992786745,5.286448574267491
Dc3ba77443e3f,T02,0.5940105007625591,0.5298545701620659,3.5627608681535508
D65ab9f4e98ce,T07,0.4618660632660171,0.6221767172124214,4.445598960020017
D6baa23748f4c,T09,0.33964039397607443,0.7189359292763307,5.606536034985285
Dfd64df1a4eaf,T10,0.5567063715165524,0.5795922602360241,4.014053348808222
D24774522d751,T02,0.5063487649893327,0.6069706558185793,4.286420774115764
Dc35d9a0e2a20,T02,0.560483858577427,0.48352475258791117,3.188152892442617
D5279c89a9098,T11,0.5435020270777369,0.66132916875802,4.883187034440426
D57c6968f2827,T11,0.2858461437999376,0.8121585510375051,7.010935541658531
Df64cb83374bc,T07,0.36893819935502514,0.6410934517983556,4.651896367772734
Dfb76bf848dd2,T11,0.7794326616989764,0.38393484877655826,2.5108856987890844
D6bbb4f6b30f4,T04,0.3365926286324397,0.703805803320228,5.40677398320116
D165861071eca,T07,0.6127052148185601,0.5256071320959148,3.52665862460574
Dc414a91a176a,T02,0.29482307262333995,0.7738883502248288,6.396194580192181
D03403c0839c3,T11,0.7069155509928641,0.4447988010597876,2.905428670486299
Db80703b6ee6c,T08,0.4117881976252862,0.6963117805050217,5.3104826563991985
Ddc6958bc957f,T08,0.7648264663238387,0.40461424326747575,2.63853168164752
Df993b1e11c98,T11,0.6885508526364749,0.4151090084107273,2.7057737857331357
D74bc17aea3dd,T11,0.6376322732700249,0.42100600008592176,2.7443062133550047
D63d7b065ccb8,T11,0.27389771708593813,0.7826525268638959,6.532036705386517
Db1ac098543ec,T11,0.8808816317117281,0.22542066407184458,1.7169254200394255
D1095d64c71c1,T07,0.6648645392531863,0.4370637343140897,2.852035820977927
Dcb7f93f9aa99,T02,0.41801122042733657,0.7184240278777875,5.599658312826667
D524a4f047a09,T02,0.2869953039756171,0.7869861795169392,6.600269223377847
De395cd4ff88c,T10,0.6955507445459902,0.45449159071389955,2.9737483771193247
D7654ca3e0443,T11,0.4921830594813696,0.447171966310243,2.9220094404560264
Ddef784be4369,T11,0.38340441812293374,0.6803534739515565,5.111108861545552
De6773a6d4648,T11,0.4071511508656294,0.5547993209366492,3.7823695148720646
D6cf278e5b911,T08,0.4570916787366374,0.5635961339366324,3.863001628834077
D5d212714e9a4,T03,0.7394579115280258,0.4404881864772108,2.8755516671766093
Dce466cf22246,T11,0.43009717674439973,0.7465116019858904,5.989791727509751
D8f2ad68926ef,T02,0.592726279123826,0.521451676444659,3.491692270451574
D28078c8a10cc,T05,0.5273329539775842,0.6006427140777812,4.221870704503885
Dfed6d84a0e4f,T06,0.6976002728915831,0.4650644940214473,3.0501048032808464
D21cf0acb1a9a,T05,0.5024441280688844,0.5171307309495616,3.45570101440114
Dc0b4b006fee0,T11,0.4373288973619735,0.5960759142729783,4.175890450273309
D7d7f6f621da1,T02,0.720464142732492,0.45253727156378204,2.9598452431449096
De9070d0f44e5,T02,0.50960257311889,0.5997860792099433,4.213207373306758
D39a7eeed7aaa,T10,0.6467923129563753,0.4920465361717583,3.25397089077758
De11ad817ca1d,T05,0.6164078842446524,0.5210155746812837,3.4880428243079096
D8d6830743dfc,T11,0.5728552686526649,0.5755946023195508,3.9757586130599
Ddffd47d0866a,T10,0.38060447050524027,0.7627292015762538,6.227311799889747
D1c167b303ed0,T06,0.4359267064178468,0.6506553732352309,4.759789495836225
D5df71bcd7569,T01,0.4350068509311727,0.6816569379586175,5.1271089827191245
Da7ef797c3412,T11,0.3171956787512558,0.5811280292174,4.028862806593493
D933970ff55c6,T06,0.3456818263454842,0.7139303380218757,5.539643689133809
D514e784e1e1b,T04,0.30414749549078784,0.721928737372729,5.646915724533558
Dfdc0a7ab21ac,T08,0.6153176628334214,0.5683420032600333,3.907214058192396
D9894a8b2bb51,T11,0.24515831829835436,0.7263146721363885,5.706617799744536
Da6361d07d275,T07,0.66389135118381,0.4422265875476838,2.8875634331189723
D3ab7a5b14686,T10,0.3502872161859768,0.6971487443633696,5.321151240570574
D2590938a004e,T09,0.47587215427878504,0.6420554318358866,4.662639410385893
D4bfedf8b0798,T11,0.4379666058497779,0.5489794381798838,3.729951383568914
D78df4a50ef94,T06,0.6330781906774022,0.5204775192149774,3.4835454510376582
Df606698e5a62,T11,0.5773152927185249,0.5565928516374101,3.798671376435659
D4531a0b32047,T08,0.3728804164301225,0.7252789520045322,5.692462722877262
D399d99db36b3,T08,0.2855160792524238,0.7277546291687095,5.726356044386182
D2ddae8e6696b,T03,0.4482380616835581,0.5002564876411334,3.3186652431718793
Db4a620abe159,T11,0.6500690123788165,0.42839479204451475,2.793361883885328
D1f315032455a,T02,0.753334879246088,0.34647422010565265,2.295174543740182
D9c3426dab355,T02,0.5069653404729951,0.6196366922485742,4.418604380427607
D1a5520aa7ae7,T01,0.4711687227527093,0.5846614819954001,4.063143779349898
Dced739924e6e,T05,0.39612509209247665,0.6190303274846577,4.412184401642047
