document_id,filename,max_change_percentage_points,definition
D569a973fcbb6,A blockchain-based signature exchange protocol for metaverse_compressed.pdf,1.0045894601103167,Remove one document from the average with topic model fixed; no refit.
D957f80b1f6a0,A Mini Review on Purchaser Security in the Metaverse - extracted chapter.pdf,0.705547904212217,Remove one document from the average with topic model fixed; no refit.
D6486a0b043d4,A Prelude to Cybersecurity Challenges in the Metaverse - extracted chapter.pdf,0.23535180486258245,Remove one document from the average with topic model fixed; no refit.
Dc3ba77443e3f,A_privacy_awareness_framework_for_NFT_avatars_in_the_metaverse_compressed.pdf,0.7032864081797902,Remove one document from the average with topic model fixed; no refit.
D65ab9f4e98ce,A_Smart_Contract-Based_Authentication_Scheme_for_Securing_Metaverse_Environment_in_Web_3.0_compressed.pdf,0.5709072573043081,Remove one document from the average with topic model fixed; no refit.
D6baa23748f4c,Accounting Profession in Metaverse Era - NFT_compressed.pdf,0.4807278445896745,Remove one document from the average with topic model fixed; no refit.
Dfd64df1a4eaf,Advanced_Encryption_Using_Generative_Adversarial_Network_for_Enhancing_Security_of_Non-Fungible_Tokens_NFTs_compressed.pdf,0.757579500337717,Remove one document from the average with topic model fixed; no refit.
D24774522d751,AI-based_Malicious_Bitcoin_Transaction_Detection_Framework_for_Real_Estate_in_Metaverse_compressed.pdf,0.5663149460341244,Remove one document from the average with topic model fixed; no refit.
Dc35d9a0e2a20,Artificial_Intelligence-Based_Cybersecurity_for_the_Metaverse_Research_Challenges_and_Opportunities_compressed.pdf,0.6509010297655216,Remove one document from the average with topic model fixed; no refit.
D5279c89a9098,Blockchain for the metaverse_ Recent advances taxonomy and future challenges_compressed.pdf,0.4089101170328513,Remove one document from the average with topic model fixed; no refit.
D57c6968f2827,Blockchain-based asset storage and service mechanism to metaverse universe_ Metarepo_compressed.pdf,0.19928783030997224,Remove one document from the average with topic model fixed; no refit.
Df64cb83374bc,Blockchain-Based_Privacy-Preserving_and_Accountable_Mobile_Edge_Outsourcing_Computing_Framework_for_the_Metaverse_compressed.pdf,0.425707469943383,Remove one document from the average with topic model fixed; no refit.
Dfb76bf848dd2,Blockchain-based_Security_Framework_for_Metaverse_A_Decentralized_Approach_compressed.pdf,0.7775517336285398,Remove one document from the average with topic model fixed; no refit.
D6bbb4f6b30f4,Blockchain-Based_Trust_Management_for_Virtual_Entities_in_the_Metaverse_A_Model_for_Avatar_and_Virtual_Organization_Interactions_compressed.pdf,0.47514152430697504,Remove one document from the average with topic model fixed; no refit.
D165861071eca,Blockchain-Empowered_Privacy-Preserving_Digital_Object_Trading_in_the_Metaverse_compressed.pdf,0.8065934316051571,Remove one document from the average with topic model fixed; no refit.
Dc414a91a176a,Bridging Law and Machine Learning_ A Cybersecure Model for Classifying Digital Real Estate Contracts in the Metaverse_compressed.pdf,0.235806051712259,Remove one document from the average with topic model fixed; no refit.
D03403c0839c3,Challenges_and_Opportunities_of_Integrating_Non-Fungible_Tokens_NFTs_and_Self-Sovereign_AI_SSAI_in_Blockchain-Based_Metaverse_Projects_compressed.pdf,0.6642437481502395,Remove one document from the average with topic model fixed; no refit.
Db80703b6ee6c,Classification of NFT Security Issues and Threats through Case Analysis.pdf,0.5094543170950525,Remove one document from the average with topic model fixed; no refit.
Ddc6958bc957f,"Criminology Towards the Metaverse_ Cryptocurrency Scams, Grey Economy and the Technosocial_compressed.pdf",1.06107661193654,Remove one document from the average with topic model fixed; no refit.
Df993b1e11c98,Cryptocurrency in the metaverse.pdf,0.6355489069683806,Remove one document from the average with topic model fixed; no refit.
D74bc17aea3dd,Cyber security vulnerabilities and threat mitigation strategies.pdf,0.5559886267083036,Remove one document from the average with topic model fixed; no refit.
D63d7b065ccb8,Decentralized_autonomous_organizations_review_importance_and_applications_compressed.pdf,0.22450957429638319,Remove one document from the average with topic model fixed; no refit.
Db1ac098543ec,Demystifying opportunities and risk for businesses_ A qualitative enquiry_compressed.pdf,0.9360657492734625,Remove one document from the average with topic model fixed; no refit.
D1095d64c71c1,Design_of_Secure_Mutual_Authentication_Scheme_for_Metaverse_Environments_Using_Blockchain_compressed.pdf,0.8880923760342607,Remove one document from the average with topic model fixed; no refit.
Dcb7f93f9aa99,Detecting_Smart_Contract_Project_Anomalies_in_Metaverse_compressed.pdf,0.42828753265600483,Remove one document from the average with topic model fixed; no refit.
D524a4f047a09,Eden_An_Edge_Computing_Empowered_Proof-of-Personhood_Protocol_for_Anti-Sybil_in_Blockchain-based_Metaverse_compressed.pdf,0.3440623948979368,Remove one document from the average with topic model fixed; no refit.
De395cd4ff88c,Efficient post-quantum attribute-based access control scheme for blockchain-empowered metaverse data management_compressed.pdf,0.9745238331962127,Remove one document from the average with topic model fixed; no refit.
D7654ca3e0443,Enhancing_Identity_Security_in_the_Metaverse_Solutions_Using_AI_Blockchain_and_NFTs_compressed.pdf,0.40476469775008184,Remove one document from the average with topic model fixed; no refit.
Ddef784be4369,Ethical_and_Legal_Challenges_of_NFTs_chapter_extracted.pdf,0.22445794686836995,Remove one document from the average with topic model fixed; no refit.
De6773a6d4648,Exploring-NFTs-and-Metaverse-Collaborations_-Innovations-Opportunities-and-Challenges_compressed.pdf,0.4913773755960388,Remove one document from the average with topic model fixed; no refit.
D6cf278e5b911,Financial cybercrime in the Islamic Finance Metaverse_compressed.pdf,0.5802410063315389,Remove one document from the average with topic model fixed; no refit.
D5d212714e9a4,Freedom_and_Restraint_in_Dark_Forest_A_Peek_at_the_Metaverse_Through_a_Blockchain_Game_compressed.pdf,1.0589834097809434,Remove one document from the average with topic model fixed; no refit.
Dce466cf22246,Fusing_Blockchain_and_AI_With_Metaverse_A_Survey_compressed.pdf,0.2317150383870148,Remove one document from the average with topic model fixed; no refit.
D8f2ad68926ef,GenAI with custom trained.pdf,0.7012798118692681,Remove one document from the average with topic model fixed; no refit.
D28078c8a10cc,Innovative Accounting and Auditing.pdf,0.7057162028085109,Remove one document from the average with topic model fixed; no refit.
Dfed6d84a0e4f,Is the metaverse failing.pdf,0.9515142601151771,Remove one document from the average with topic model fixed; no refit.
D21cf0acb1a9a,Jurisdictional_Challenges_in_Metaverse_chapter.pdf,0.6668274123261666,Remove one document from the average with topic model fixed; no refit.
Dc0b4b006fee0,Legal_Challenges_of_Intellectual_Property_in_the_Metaverse_Under_UAE_Intellectual_Property_Law_Trademarks_Copyrights_Patents_compressed.pdf,0.30631618321311505,Remove one document from the average with topic model fixed; no refit.
D7d7f6f621da1,Legalities_in_Metaverse__Ethereum_Fraud_Detection_compressed.pdf,0.9008702237578103,Remove one document from the average with topic model fixed; no refit.
De9070d0f44e5,Meta-Governance_Blockchain-Driven_Metaverse_Platform_for_Mitigating_Misbehavior_Using_Smart_Contract_and_AI_compressed.pdf,0.5713990212365572,Remove one document from the average with topic model fixed; no refit.
D39a7eeed7aaa,MetaL_A_Fully_Decentralized_User-Driven_Access_Control_Scheme_for_Metaverse_Utilizing_MC-ABE_and_Sharding_Blockchain_compressed.pdf,0.8983387838374393,Remove one document from the average with topic model fixed; no refit.
De11ad817ca1d,METAseen_ analyzing network traffic and privacy policies in Web 3.0 based Metaverse_compressed.pdf,0.8448957813508046,Remove one document from the average with topic model fixed; no refit.
D8d6830743dfc,Metaverse_The_Potential_Threats_in_the_Virtual_World_chapter_pages_84-92.pdf,0.45477455699367564,Remove one document from the average with topic model fixed; no refit.
Ddffd47d0866a,Modelling BTC networks.pdf,0.48242028000754084,Remove one document from the average with topic model fixed; no refit.
D1c167b303ed0,"Money, possessions, and ownership in the Metaverse_ NFTs, cryptocurrencies, Web3 and Wild Markets_compressed.pdf",0.5426493124999654,Remove one document from the average with topic model fixed; no refit.
D5df71bcd7569,Navigating_Consumer_Rights_and_Ethical_Advertising_in_the_Metaverse_chapter.pdf,0.6332544274881113,Remove one document from the average with topic model fixed; no refit.
Da7ef797c3412,NFT-Based_Digital_Identity_Authentication_Framework_for_the_Metaverse_Environments_compressed.pdf,0.3161366678923333,Remove one document from the average with topic model fixed; no refit.
D933970ff55c6,"NFTs for accessing, monetizing, and teleporting digital twins and digital artifacts in the metaverse_compressed.pdf",0.4016416873868986,Remove one document from the average with topic model fixed; no refit.
D514e784e1e1b,NFTs for combating deepfakes and fake metaverse digital contents_compressed.pdf,0.4244460037731441,Remove one document from the average with topic model fixed; no refit.
Dfdc0a7ab21ac,Opportunities to future crime_ Scoping the future of money laundering and terrorist financing through cryptoassets_compressed.pdf,0.8274691064827631,Remove one document from the average with topic model fixed; no refit.
D9894a8b2bb51,Payment System Vulnerabilities.pdf,0.24780601076378334,Remove one document from the average with topic model fixed; no refit.
Da6361d07d275,Seamless_Asset_Exchange_in_Interconnected_Metaverses_Unraveling_On-Chain_Atomic_Swap_compressed.pdf,0.8865717696758604,Remove one document from the average with topic model fixed; no refit.
D3ab7a5b14686,Securing_the_Metaverse_chapter_extracted.pdf,0.4350495701336915,Remove one document from the average with topic model fixed; no refit.
D2590938a004e,Stylized facts of metaverse non-fungible tokens_compressed.pdf,0.6935899700626601,Remove one document from the average with topic model fixed; no refit.
D4bfedf8b0798,"The Digital Payment Revolution in the Metaverse_ A Systematic Review of Emerging Technologies, Challenges, and Future Directions_compressed.pdf",0.4958916463610956,Remove one document from the average with topic model fixed; no refit.
D78df4a50ef94,The effects of non-fungible token platform affordances on customer loyalty_ A Buyer-Creator duality perspective_compressed.pdf,0.85069850665552,Remove one document from the average with topic model fixed; no refit.
Df606698e5a62,The New Economic Models of Metaverse and Its Implications in International Financial Markets_chapter.pdf,0.4617433445965824,Remove one document from the average with topic model fixed; no refit.
D4531a0b32047,The rise and fall of cryptocurrencies.pdf,0.4486609089776092,Remove one document from the average with topic model fixed; no refit.
D399d99db36b3,The Study of DeFi in Virtual Community and Financial Supervision_compressed.pdf,0.31215413213745435,Remove one document from the average with topic model fixed; no refit.
D2ddae8e6696b,The Technological Innovation of the Metaverse in Financial_compressed.pdf,0.6039523943989628,Remove one document from the average with topic model fixed; no refit.
Db4a620abe159,The_metaverse_applications_for_the_finance_industry_its_challenges_and_an_approach_for_the_metaverse_finance_industry_compressed.pdf,0.5754210315657926,Remove one document from the average with topic model fixed; no refit.
D1f315032455a,Towards_Secure_AI-driven_Industrial_Metaverse_with_NFT_Digital_Twins_compressed.pdf,0.9522307495603038,Remove one document from the average with topic model fixed; no refit.
D9c3426dab355,Trusted_AI_with_Blockchain_to_Empower_Metaverse_compressed.pdf,0.5672783452273455,Remove one document from the average with topic model fixed; no refit.
D1a5520aa7ae7,Unraveling the dynamics of digital equality and trust in AI-empowered metaverses and AI-VR-convergence_compressed.pdf,0.6897573522092624,Remove one document from the average with topic model fixed; no refit.
Dced739924e6e,Urban metaverse and blockchain.pdf,0.5007039186130297,Remove one document from the average with topic model fixed; no refit.
