k,seed_a,seed_b,matched_js_similarity,matched_top10_jaccard,dominant_topic_ari,document_topic_mean_l1
7,11,42,0.45531586952108155,0.3895481269430849,0.3113657077494296,0.8184013808745004
7,11,97,0.44431675239901225,0.3699843573793154,0.24971083101799407,0.7215281155229949
7,11,2026,0.4000341649974907,0.3338181426416721,0.16379051841224856,0.9241972089560366
7,11,31415,0.3896447602111593,0.31952011573860306,0.2424385922884505,0.9473308885570089
7,42,97,0.43356927302383147,0.3023033774913474,0.25296985662327537,0.7770128400351836
7,42,2026,0.4274383033407657,0.3107165943300397,0.18916034100559834,0.7718810781695101
7,42,31415,0.4334328081727841,0.32122079601071196,0.3221019611494818,0.7111244985229368
7,97,2026,0.4578071073458652,0.3524332810047096,0.287020825862521,0.6779454031536152
7,97,31415,0.4726180073925234,0.36976369495166483,0.2853952149134912,0.6920317672534236
7,2026,31415,0.5016499381508527,0.45410262006900665,0.28388646171617116,0.5349237581740505
8,11,42,0.401318593759184,0.32544844861021327,0.23545938292886717,0.8373280429210941
8,11,97,0.4299186057287025,0.3792016806722689,0.3204557520316903,0.6907877590004307
8,11,2026,0.40268763580866285,0.3212467679379444,0.19728337684570232,0.889033977704163
8,11,31415,0.3721365605269264,0.2656912123823888,0.24059256989459377,0.9545542158394137
8,42,97,0.40278721432298936,0.28386069340016706,0.21238058037808324,0.8383489443385754
8,42,2026,0.41073072264777805,0.23417860734037205,0.21108283279654116,0.9601423887235105
8,42,31415,0.40737997953738836,0.34555232349349996,0.3540606876504462,0.7381574456648783
8,97,2026,0.44438999668845913,0.33951914098972924,0.2299084822129553,0.7063565805541109
8,97,31415,0.4597629116588192,0.33673373195432016,0.24577241522371532,0.6731295962515023
8,2026,31415,0.47716132713067433,0.43063635710694526,0.3612666573518054,0.599372920377366
10,11,42,0.3523623909695678,0.22071600570052582,0.19632675109537243,0.8929024137989776
10,11,97,0.41230086922107817,0.3311289587605377,0.2616168994767364,0.7314304310064663
10,11,2026,0.3943771076653566,0.33457261692555806,0.29011354272865664,0.8394542215785936
10,11,31415,0.38455140020205475,0.3174603174603174,0.2571235176965232,0.8458781707437687
10,42,97,0.3883986167884318,0.2829999206160197,0.15160698757630287,0.903604525217617
10,42,2026,0.35314937428845655,0.19251805985552115,0.07225874850664198,1.0550271086556062
10,42,31415,0.39737391884920925,0.3471988795518207,0.1553616519430155,0.8072207773202689
10,97,2026,0.3934859726415222,0.3272588522588523,0.21575250330402748,0.89373249421699
10,97,31415,0.4107200702052808,0.3001349527665317,0.1772847159420863,0.8535014803930618
10,2026,31415,0.3881854149648229,0.27942972060619115,0.26103749118168024,0.8281615395402127
11,11,42,0.3814766765345042,0.2851464840628927,0.25498797226545916,0.8626592655425382
11,11,97,0.3990078628536173,0.33025634496222733,0.24736719677284033,0.7742579818695786
11,11,2026,0.4025900364052352,0.3039642675865586,0.5590705858036981,0.7825923137255758
11,11,31415,0.4053597711177596,0.32599126020178654,0.2579864900740391,0.81109083427519
11,42,97,0.375025435444968,0.2172454308677219,0.16685312450055936,1.0402610040075444
11,42,2026,0.36428652705191117,0.24358020720249823,0.216200879557384,0.9393036679326359
11,42,31415,0.3730513836909406,0.2614318945588296,0.29917061611374407,0.8177583779374238
11,97,2026,0.4178151811134849,0.3527977870083134,0.26153895250385445,0.7673256675525728
11,97,31415,0.39789202795811285,0.2982083276200923,0.2179232246975161,0.8585451597356804
11,2026,31415,0.418205018619995,0.3220540209704296,0.22131511225485845,0.8601394602195586
12,11,42,0.34127726805095815,0.22531882748601015,0.21366221159766743,0.9966212068462464
12,11,97,0.3617556462062575,0.2816053771936125,0.18812872684236878,0.8223291097229349
12,11,2026,0.3850379722132961,0.34202422534465876,0.3675322212235407,0.7629566720810518
12,11,31415,0.3778639858210582,0.26091269841269843,0.21525307262083904,0.8999020494921196
12,42,97,0.37321258436920174,0.26246336366305406,0.15030251059978086,0.9588849666191225
12,42,2026,0.3466303970581211,0.2615546218487395,0.11127483316056849,0.9680861525704999
12,42,31415,0.352265563135671,0.25807739875077335,0.15796540056063066,0.9666358425451936
12,97,2026,0.36934718672733197,0.2875233426704015,0.22555929795865662,0.986529546228942
12,97,31415,0.3766729057337142,0.29971563524195105,0.13207848323509627,0.9387621912646257
12,2026,31415,0.3890846306480096,0.30209329570784677,0.25703089028693427,0.9544301015066625
