k,seed,iterations,converged,bound_per_token,perplexity_bound,c_v,c_npmi,topic_diversity
7,11,88,True,-7.767747066619231,2363.141286652262,0.4379129755236283,0.01131399902639266,0.7
7,42,79,True,-7.758308528658188,2340.9416189205767,0.4300991926568224,0.01048104046476939,0.7428571428571429
7,97,85,True,-7.75124083321017,2324.4548867266485,0.4434701953262238,0.017864186474095347,0.7285714285714285
7,2026,86,True,-7.752403618495895,2327.1593006879316,0.4479411493771402,0.016767098155546774,0.7
7,31415,106,True,-7.752726660159078,2327.911191538414,0.48380609211452585,0.031579407240777325,0.7857142857142857
8,11,138,True,-7.749539610650292,2320.5038333973725,0.4428879611640718,0.014696274584675885,0.6875
8,42,85,True,-7.7492867398213265,2319.917119853901,0.42214270111920504,0.0010506683843368404,0.7375
8,97,81,True,-7.745633306161592,2311.4569203594947,0.4412667559475451,0.014275915867997594,0.725
8,2026,96,True,-7.744554519187229,2308.9646952736907,0.4653663024644573,0.021008581846696392,0.7625
8,31415,99,True,-7.74929533468526,2319.937059311572,0.4762826233430131,0.02668257374542367,0.7875
10,11,103,True,-7.749333792917197,2320.026281704734,0.44586874954881833,0.015637258003630264,0.66
10,42,87,True,-7.749367527053732,2320.104547108186,0.4226622644680752,0.0018420016350857219,0.66
10,97,82,True,-7.733028965022765,2282.5053697100025,0.4443065641196185,0.014205827889390501,0.71
10,2026,105,True,-7.740437191928053,2299.4774763884075,0.47197288918437896,0.026139143884041517,0.72
10,31415,87,True,-7.736464741383032,2290.3610351284838,0.47490383525263924,0.028244680613212874,0.72
11,11,119,True,-7.739555677701636,2297.4513474415953,0.44882706806448475,0.015213852818127243,0.6727272727272727
11,42,93,True,-7.748542369167286,2318.1908841893674,0.4463678238875471,0.011451056888567736,0.6545454545454545
11,97,95,True,-7.72660773601575,2267.895835801356,0.44118337069695923,0.01895061131012823,0.6818181818181818
11,2026,90,True,-7.726834092939626,2268.4092478314105,0.47995652623119156,0.029904067844606377,0.6727272727272727
11,31415,99,True,-7.735168873785869,2287.394952717372,0.47562092097921665,0.031146819030750464,0.7181818181818181
12,11,134,True,-7.735033366302371,2287.0850145835057,0.4537709595849815,0.02649690134065855,0.675
12,42,106,True,-7.749110052573445,2319.5072562925798,0.4577806538958775,0.02104075074097476,0.6416666666666667
12,97,98,True,-7.726378287615885,2267.375530424672,0.45588325595648455,0.02545982217044378,0.6416666666666667
12,2026,100,True,-7.731771232345959,2279.636392702799,0.47275891092486627,0.026892641294956582,0.6416666666666667
12,31415,118,True,-7.72839183122162,2271.945589388205,0.48898560004962266,0.032261779148530324,0.7166666666666667
