source,target,cooccurring_documents,jaccard,npmi
decentralized,key,53,0.8688524590163934,0.2885145611401427
asset,decentralized,53,0.8548387096774194,0.20179246507436788
network,decentralized,52,0.8524590163934426,0.25927163190438124
decentralized,feature,52,0.8387096774193549,0.17852313885334814
nft,ownership,46,0.8363636363636363,0.4603960321027172
example,make,50,0.8333333333333334,0.2734515121731868
smart_contract,network,49,0.8305084745762712,0.31349194374022066
access,example,51,0.8225806451612904,0.15846160707567408
decentralized,identity,50,0.819672131147541,0.2122063053756339
network,feature,50,0.819672131147541,0.20477407418730253
number,type,50,0.819672131147541,0.20477407418730253
smart_contract,decentralized,50,0.819672131147541,0.2122063053756339
cryptocurrency,world,47,0.8103448275862069,0.31990284500824345
access,feature,51,0.8095238095238095,0.08417737271444029
access,key,51,0.8095238095238095,0.08417737271444029
decentralized,world,50,0.8064516129032258,0.1409613397165679
key,feature,50,0.8064516129032258,0.13609663620141765
number,feature,50,0.8064516129032258,0.13609663620141765
secure,interaction,49,0.8032786885245902,0.1870862198990947
make,experience,48,0.8,0.22416313406104055
network,identity,48,0.8,0.22416313406104055
network,secure,48,0.8,0.22416313406104055
nft,asset,48,0.8,0.2332275231758115
asset,feature,50,0.7936507936507936,0.0686347921300657
decentralized,service,50,0.7936507936507936,0.0710236951770606
financial,example,46,0.7931034482758621,0.30043795466936474
access,identity,49,0.7903225806451613,0.1255371202219332
asset,world,49,0.7903225806451613,0.12093505971900699
decentralized,experience,49,0.7903225806451613,0.1255371202219332
feature,type,49,0.7903225806451613,0.11863627170180735
network,key,49,0.7903225806451613,0.11863627170180735
number,make,49,0.7903225806451613,0.11863627170180735
number,function,45,0.7894736842105263,0.34552110520920726
access,activity,48,0.7868852459016393,0.17586429447957874
identity,key,48,0.7868852459016393,0.16473265207667503
smart_contract,feature,48,0.7868852459016393,0.16473265207667503
asset,ownership,47,0.7833333333333333,0.21422609618278945
cryptocurrency,market,43,0.7818181818181819,0.37177862281673996
network,protocol,43,0.7818181818181819,0.40430609462138845
nft,market,43,0.7818181818181819,0.37177862281673996
risk,experience,46,0.7796610169491526,0.23570211684163755
access,world,49,0.7777777777777778,0.05938596004184539
asset,type,49,0.7777777777777778,0.05599775104388912
network,asset,49,0.7777777777777778,0.05599775104388912
network,interaction,49,0.7777777777777778,0.05599775104388912
service,interaction,49,0.7777777777777778,0.05599775104388912
avatar,virtual_world,45,0.7758620689655172,0.26850200482012954
decentralized,risk,48,0.7741935483870968,0.11181757309473452
example,type,48,0.7741935483870968,0.10198981458403142
key,world,48,0.7741935483870968,0.10308034278482076
make,type,48,0.7741935483870968,0.10198981458403142
network,type,48,0.7741935483870968,0.10198981458403142
smart_contract,asset,48,0.7741935483870968,0.10635409244638373
virtual_world,interaction,48,0.7741935483870968,0.10635409244638373
asset,cryptocurrency,47,0.7704918032786885,0.15315205361731993
asset,digital_asset,47,0.7704918032786885,0.15315205361731993
decentralized,ownership,47,0.7704918032786885,0.16058755525659074
decentralized,solution,47,0.7704918032786885,0.16058755525659074
digital_asset,interaction,47,0.7704918032786885,0.15315205361731993
identity,example,47,0.7704918032786885,0.1446762300356602
virtual_world,make,47,0.7704918032786885,0.1446762300356602
cryptocurrency,example,46,0.7666666666666667,0.18473061673489483
ownership,market,42,0.7636363636363637,0.3432109521734523
nft,cryptocurrency,44,0.7586206896551724,0.2432757905554061
access,digital_asset,47,0.7580645161290323,0.0995135126911213
cryptocurrency,access,47,0.7580645161290323,0.0995135126911213
decentralized,activity,47,0.7580645161290323,0.0995135126911213
decentralized,digital_asset,47,0.7580645161290323,0.0995135126911213
feature,experience,47,0.7580645161290323,0.08910466594077768
identity,feature,47,0.7580645161290323,0.08910466594077768
key,experience,47,0.7580645161290323,0.08910466594077768
number,experience,47,0.7580645161290323,0.08910466594077768
secure,feature,47,0.7580645161290323,0.08910466594077768
smart_contract,number,47,0.7580645161290323,0.08910466594077768
world,make,47,0.7580645161290323,0.08702710549530898
world,type,47,0.7580645161290323,0.08702710549530898
avatar,interaction,46,0.7540983606557377,0.13869838170316878
identity,world,46,0.7540983606557377,0.12654585241250219
world,experience,46,0.7540983606557377,0.12654585241250219
avatar,make,45,0.75,0.16777104057092734
avatar,identity,44,0.7457627118644068,0.19544450760858048
access,ownership,46,0.7419354838709677,0.08839628397886867
access,solution,46,0.7419354838709677,0.08839628397886867
asset,activity,46,0.7419354838709677,0.0814232880019202
identity,make,46,0.7419354838709677,0.07347468055032698
service,experience,46,0.7419354838709677,0.07347468055032698
service,identity,46,0.7419354838709677,0.07347468055032698
service,virtual_world,46,0.7419354838709677,0.07347468055032698
smart_contract,type,46,0.7419354838709677,0.07347468055032698
cryptocurrency,ownership,43,0.7413793103448276,0.22202710443379792
function,type,43,0.7413793103448276,0.24108398059954325
market,world,43,0.7413793103448276,0.23344321413170913
ownership,activity,43,0.7413793103448276,0.22202710443379792
asset,financial,45,0.7377049180327869,0.12557813945811053
example,activity,45,0.7377049180327869,0.11391927869229825
identity,experience,45,0.7377049180327869,0.11004407303723943
identity,virtual_world,45,0.7377049180327869,0.11004407303723943
make,activity,45,0.7377049180327869,0.11391927869229825
nft,example,45,0.7377049180327869,0.11391927869229825
ownership,key,45,0.7377049180327869,0.11877106429372898
privacy,interaction,45,0.7377049180327869,0.12557813945811053
smart_contract,secure,45,0.7377049180327869,0.11004407303723943
virtual_world,experience,45,0.7377049180327869,0.11004407303723943
smart_contract,function,42,0.7368421052631579,0.2590313849695801
avatar,world,44,0.7333333333333333,0.14754023733966415
cryptocurrency,virtual_world,44,0.7333333333333333,0.14469425832381086
experience,activity,44,0.7333333333333333,0.14469425832381086
financial,make,44,0.7333333333333333,0.15229057019260425
financial,type,44,0.7333333333333333,0.15229057019260425
identity,activity,44,0.7333333333333333,0.14469425832381086
network,privacy,44,0.7333333333333333,0.15229057019260425
nft,virtual_world,44,0.7333333333333333,0.14469425832381086
ownership,world,44,0.7333333333333333,0.14754023733966415
service,business,44,0.7333333333333333,0.15229057019260425
service,financial,44,0.7333333333333333,0.15229057019260425
cryptocurrency,digital_asset,43,0.7288135593220338,0.17410057260726614
financial,experience,43,0.7288135593220338,0.1778254071531882
financial,virtual_world,43,0.7288135593220338,0.1778254071531882
risk,solution,43,0.7288135593220338,0.17503124393905212
smart_contract,privacy,43,0.7288135593220338,0.1778254071531882
asset,solution,45,0.7258064516129032,0.07063838992413919
cryptocurrency,key,45,0.7258064516129032,0.0649193024151004
decentralized,financial,45,0.7258064516129032,0.07828259765115797
digital_asset,number,45,0.7258064516129032,0.0649193024151004
feature,activity,45,0.7258064516129032,0.0649193024151004
key,activity,45,0.7258064516129032,0.0649193024151004
network,risk,45,0.7258064516129032,0.06111324845826279
nft,key,45,0.7258064516129032,0.0649193024151004
service,risk,45,0.7258064516129032,0.06111324845826279
cryptocurrency,financial,42,0.7241379310344828,0.2024442039786083
financial,activity,42,0.7241379310344828,0.2024442039786083
access,market,44,0.7213114754098361,0.12297945229017884
digital_asset,world,44,0.7213114754098361,0.09678998805489399
network,solution,44,0.7213114754098361,0.1005149942926753
nft,world,44,0.7213114754098361,0.09678998805489399
privacy,key,44,0.7213114754098361,0.10611267509197116
risk,identity,44,0.7213114754098361,0.09492951331590531
world,activity,44,0.7213114754098361,0.09678998805489399
avatar,experience,43,0.7166666666666667,0.12893059735075435
identity,solution,43,0.7166666666666667,0.12893059735075435
key,market,43,0.7166666666666667,0.1454258500848864
smart_contract,solution,43,0.7166666666666667,0.12893059735075435
business,market,40,0.7142857142857143,0.24983907621258133
financial,market,40,0.7142857142857143,0.24983907621258133
smart_contract,algorithm,40,0.7142857142857143,0.27141621716577957
digital_asset,solution,42,0.711864406779661,0.15618386336051088
network,function,42,0.711864406779661,0.1742139484780608
risk,business,42,0.711864406779661,0.1579804966257819
asset,business,44,0.7096774193548387,0.06075213092807157
financial,interaction,44,0.7096774193548387,0.06075213092807157
