k,runs,converged_fraction,c_v_mean,c_v_fold_sd,c_v_fold_se,c_v_mean_seed_sd,c_npmi_mean,c_npmi_fold_sd,c_npmi_fold_se,c_npmi_mean_seed_sd,topic_diversity_mean,topic_diversity_fold_sd,topic_diversity_fold_se,topic_diversity_mean_seed_sd,validation_macro_loglik_per_token_mean,validation_macro_loglik_per_token_fold_sd,validation_macro_loglik_per_token_fold_se,validation_macro_loglik_per_token_mean_seed_sd,validation_gain_vs_unigram_nats_mean,validation_gain_vs_unigram_nats_fold_sd,validation_gain_vs_unigram_nats_fold_se,validation_gain_vs_unigram_nats_mean_seed_sd,train_bound_per_token_mean,train_bound_per_token_fold_sd,train_bound_per_token_fold_se,train_bound_per_token_mean_seed_sd,train_bound_perplexity_mean,train_bound_perplexity_fold_sd,train_bound_perplexity_fold_se,train_bound_perplexity_mean_seed_sd,matched_js_similarity_mean,matched_js_similarity_pair_sd,matched_top10_jaccard_mean,matched_top10_jaccard_pair_sd,dominant_topic_ari_mean,dominant_topic_ari_pair_sd,document_topic_mean_l1_mean,document_topic_mean_l1_pair_sd,validation_completion_perplexity,coherence_shortlist,stability_gate,diversity_gate,convergence_gate
2,15,1.0,0.42514210607112846,0.0062993539176047705,0.0036369336800498382,0.016936815626718848,0.00646804780441446,0.0030136306697906563,0.0017399204784417476,0.008188385337024217,0.8266666666666667,0.020816659994661344,0.012018504251546642,0.038241596696427384,-7.562322551528702,0.006682387843309315,0.003858078420164116,0.008440405869584817,0.07619478547823123,0.007455301208443273,0.004304320159584467,0.008440405869585079,-7.763266945208291,0.011125811609457796,0.0064234903276735224,0.005883695458108059,2352.715475639583,26.139303236324864,15.091533759921417,13.884324197646999,0.7295322076350359,0.07007741445262763,0.7671939171939172,0.13877022230740402,0.6073821090522693,0.2397534029646391,0.23677571849804177,0.09920850917630068,1924.3096355757255,False,True,True,True
3,15,1.0,0.43169421427326315,0.006297286401264642,0.003635739998934311,0.013671889408832377,0.011461930275255806,0.0032797356066548975,0.0018935562353730058,0.007242602982560988,0.8266666666666667,0.006666666666666654,0.003849001794597498,0.028990305060342586,-7.5355513686831515,0.002931040691344328,0.0016922371321533946,0.005037551553005279,0.10296596832378273,0.010221207625967406,0.005901216974295338,0.005037551553005123,-7.728186437470463,0.011213873752990102,0.006474333029947314,0.009533198218912338,2271.6740315895,25.436011827452074,14.685488275689961,21.760371460660725,0.586209122101115,0.07038637185489674,0.5072578064064132,0.13919627997574416,0.36822282417319385,0.15120367589466488,0.4865634082985261,0.14975412063739305,1873.4770506075286,False,False,True,True
4,15,1.0,0.429640890910895,0.009979786234479978,0.005761832268931937,0.015446860749829037,0.006905390300774015,0.0036295892104305258,0.0020955443076898254,0.0062908962620460696,0.7766666666666667,0.029297326385411538,0.01691481927515368,0.03699400975568967,-7.522852953970227,0.0028957995694300714,0.0016718906609296542,0.006953987100887665,0.1156643830367053,0.01595920527496693,0.009214051461554651,0.006953987100887317,-7.711263177153016,0.01386658455294131,0.008005876324381373,0.008034013029668392,2233.570084277332,30.89882029275842,17.839442213665947,17.920135115236285,0.5358085555962853,0.044317188201786324,0.4595686684889472,0.09881577720705813,0.3516725395299545,0.13699150101637195,0.5787795901659243,0.13322953577569033,1849.837273568181,False,False,True,True
5,15,1.0,0.4403621615188391,0.011819463700714813,0.006823970549284708,0.017599501410554493,0.011775324297877728,0.004563781473277287,0.002634900462119269,0.006607600074927789,0.7506666666666666,0.029484459183328,0.017022860446404955,0.02963546688098781,-7.513286924472605,0.003444384817490445,0.0019886165015707688,0.009164156139585313,0.1252304125343278,0.016389163848706735,0.009462288159843717,0.009164156139584762,-7.697093741527442,0.016610331456106582,0.009589979337512045,0.007585808571129747,2202.2060482110974,36.483690200690724,21.063868358399702,16.811273933562415,0.48945652688077756,0.04265720886970706,0.4022185405467139,0.09440009042577803,0.3522531743184006,0.1409114051302355,0.6586150647380327,0.11555352916451231,1832.2260447093113,False,False,True,True
6,15,1.0,0.45265481128305507,0.00938784224759517,0.005420073248758813,0.016551906591021726,0.018991149556534814,0.00634387320721622,0.0036626369038911394,0.007970001850778988,0.7388888888888888,0.022689530951846837,0.013099806802835118,0.026803073215404854,-7.5051709789995895,0.004954812765996954,0.0028606624842325355,0.010036122001914215,0.1333463580073427,0.015952440425106088,0.009210145773666469,0.01003612200191408,-7.686695961906733,0.01583313247646559,0.009141263297402414,0.00856127322134013,2179.409721561521,34.35935404290484,19.837382305852767,18.657652538423203,0.4428424177761751,0.03697688992932663,0.3453637493111177,0.06702453529279735,0.2880754134007009,0.0859532214735694,0.7762978056849631,0.11066353443810567,1817.4159781755022,False,False,True,True
7,15,1.0,0.46118997891350005,0.00388518115563601,0.0022431103860569117,0.016240492843273384,0.020164904339484084,0.0036272955649815962,0.00209422007087246,0.006350078259887417,0.7142857142857143,0.017842851423995408,0.010301575072754247,0.0315378155535887,-7.500169627487737,0.00873290000908156,0.005041942171049325,0.007947506830118106,0.13834770951919556,0.020221259426957128,0.011674749573506955,0.007947506830118104,-7.681038230782072,0.014840875918570619,0.008568383706596582,0.006932913447466098,2167.0765000996284,31.972456943985055,18.45930662326349,14.929827356752511,0.42311948945706584,0.02586417453557818,0.34892322773791146,0.05671806310141405,0.2564403806850409,0.10290733249773698,0.8236008413492276,0.0902561195642866,1808.3491341618603,False,False,True,True
8,15,1.0,0.4681490858257242,0.015009986117525178,0.008666019525485708,0.012352344089318694,0.0207620119647372,0.0030918967887050204,0.0017851074432653831,0.011112436471328535,0.7324999999999999,0.028831406486676987,0.01664582029619848,0.024840703081275655,-7.494685316278653,0.010562334810274668,0.006098166845983035,0.010163441540583592,0.14383202072827916,0.021516924036230862,0.012422801884450618,0.01016344154058406,-7.674278967312333,0.018441465403736517,0.010647185015098449,0.005781215552391511,2152.5456164455477,39.49957473565813,22.80509010650796,12.41870432822106,0.40968497347881144,0.02370436108118385,0.31707914942241566,0.04579643609860124,0.23956934527131324,0.08694666804551833,0.8465006914892254,0.07657128886249899,1798.4587305511427,False,False,True,True
9,15,1.0,0.4765644348768144,0.016214513626326872,0.009361453806938674,0.018456568369612573,0.02452150634231671,0.006334743009533804,0.0036573655818014418,0.011091742745689998,0.7133333333333333,0.016777409856157225,0.009686442096757055,0.03379326123986868,-7.487838866261445,0.005259124316469305,0.0030363568398152603,0.005455284351747934,0.15067847074548824,0.01586182411254413,0.00915782842121585,0.005455284351748089,-7.667228807714391,0.019775757704934855,0.011417539034372955,0.0066493014032363166,2137.479324381224,41.96434954768447,24.22812850772318,14.071711421043043,0.3992343670904474,0.020286892565549875,0.33366400954980246,0.0376634097264614,0.21915365289358257,0.08865007632019659,0.86475320104091,0.07709029095488765,1786.187727082789,True,False,True,True
10,15,1.0,0.47738605474151524,0.01071499089764033,0.0061863028791170355,0.013901426054551991,0.02717093723498316,0.004128918054755904,0.0023838319503752276,0.008823883815727742,0.6826666666666666,0.022744962812309283,0.013131810402394794,0.0322993602037057,-7.484550203816265,0.009364762063207252,0.005406747898089503,0.0065976538276607865,0.15396713319066868,0.019637626395291798,0.01133778888556702,0.0065976538276615315,-7.663621773476962,0.018678481320265224,0.010784026218308524,0.0065511628505156155,2129.7415385013865,39.55536145415135,22.837298583447232,13.904124229813673,0.39675336404587025,0.020618511651187756,0.3441086980328466,0.04246770168440868,0.20890530764898924,0.08841766810510607,0.8948683891342909,0.08601635093644903,1780.3232070835752,True,False,True,True
11,15,1.0,0.4823044852154075,0.014451238027482239,0.008343426165290227,0.017525974229601702,0.029925350445845517,0.00940493963079253,0.005429944427550247,0.007033725317138445,0.6739393939393938,0.013767050535273353,0.007948410332487253,0.03218849806868145,-7.480340801632768,0.009450770540662817,0.0054564049157010625,0.0074889995582555465,0.15817653537416348,0.021615496633358128,0.012479712799936765,0.007488999558255684,-7.661547418442498,0.018432442189517236,0.010641975459939992,0.009408103735721715,2125.379424657259,38.850068249704165,22.430097362002034,19.803042020626183,0.38751184949965933,0.025415110962021727,0.34361867089139825,0.04838131309342246,0.22796977225148646,0.09448949767864032,0.8973518283136103,0.09179363535468052,1772.8448614130841,True,False,True,True
12,15,1.0,0.492584584390644,0.013465577482620847,0.00777435478438491,0.015682962309048504,0.03409533257386908,0.010927561954591528,0.006309030836069732,0.007872052289604118,0.6777777777777777,0.01539600717839012,0.008888888888888946,0.028809105781414754,-7.477361286308011,0.0066320397052047906,0.0038290099090762726,0.007956204959375969,0.16115605069892172,0.01916266850113079,0.011063571817519425,0.007956204959375842,-7.656361033881414,0.018551848233455643,0.0107109145715507,0.007925485419922546,2114.35974030343,38.95704700043998,22.491861572536926,16.603330307944436,0.38423328288876935,0.02741499105376095,0.34350672952969136,0.059063118412682886,0.19054129787584512,0.0980360798054726,0.9214726728926661,0.1165600743755583,1767.5705043957976,True,False,True,True
