document_id,page,action,heading,fraction_of_clean_text,removed,rule,reason
D569a973fcbb6,10.0,reference_cut,References,0.8900545961765561,,,
D569a973fcbb6,,reference_status,,,True,standalone heading after 40% of text,
D957f80b1f6a0,11.0,reference_cut,References,0.6767797947908445,,,
D957f80b1f6a0,,reference_status,,,True,standalone heading after 40% of text,
D6486a0b043d4,20.0,reference_cut,REFERENCES,0.9323233066117526,,,
D6486a0b043d4,,reference_status,,,True,standalone heading after 40% of text,
Dc3ba77443e3f,5.0,reference_cut,REFERENCES,0.831345285149633,,,
Dc3ba77443e3f,,reference_status,,,True,standalone heading after 40% of text,
D65ab9f4e98ce,10.0,reference_cut,REFERENCES,0.8360480323386043,,,
D65ab9f4e98ce,,reference_status,,,True,standalone heading after 40% of text,
D6baa23748f4c,8.0,reference_cut,References,0.8934473206609992,,,
D6baa23748f4c,,reference_status,,,True,standalone heading after 40% of text,
Dfd64df1a4eaf,15.0,reference_cut,REFERENCES,0.8075603323596972,,,
Dfd64df1a4eaf,,reference_status,,,True,standalone heading after 40% of text,
D24774522d751,5.0,reference_cut,REFERENCES,0.8523052583998795,,,
D24774522d751,,reference_status,,,True,standalone heading after 40% of text,
Dc35d9a0e2a20,37.0,reference_cut,REFERENCES,0.7025549267310757,,,
Dc35d9a0e2a20,,reference_status,,,True,standalone heading after 40% of text,
D5279c89a9098,28.0,reference_cut,References,0.7893556305997582,,,
D5279c89a9098,,reference_status,,,True,standalone heading after 40% of text,
D57c6968f2827,15.0,reference_cut,REFERENCES,0.8039324016899577,,,
D57c6968f2827,,reference_status,,,True,standalone heading after 40% of text,
Df64cb83374bc,13.0,reference_cut,REFERENCES,0.883970963311752,,,
Df64cb83374bc,,reference_status,,,True,standalone heading after 40% of text,
Dfb76bf848dd2,5.0,reference_cut,References,0.8278656384786303,,,
Dfb76bf848dd2,,reference_status,,,True,standalone heading after 40% of text,
D6bbb4f6b30f4,24.0,reference_cut,REFERENCES,0.8913319754182553,,,
D6bbb4f6b30f4,,reference_status,,,True,standalone heading after 40% of text,
D165861071eca,9.0,reference_cut,REFERENCES,0.8463880984474065,,,
D165861071eca,,reference_status,,,True,standalone heading after 40% of text,
Dc414a91a176a,12.0,reference_cut,References,0.7389196675900277,,,
Dc414a91a176a,,reference_status,,,True,standalone heading after 40% of text,
D03403c0839c3,8.0,reference_cut,REFERENCES,0.8607098053498442,,,
D03403c0839c3,,reference_status,,,True,standalone heading after 40% of text,
Db80703b6ee6c,9.0,reference_cut,References,0.9068100358422939,,,
Db80703b6ee6c,,reference_status,,,True,standalone heading after 40% of text,
Ddc6958bc957f,13.0,reference_cut,REFERENCES,0.8225869953663042,,,
Ddc6958bc957f,,reference_status,,,True,standalone heading after 40% of text,
Df993b1e11c98,1.0,page_rule_exclusion,,,,,"Chapter 14, Cryptography in the metaverse: advanced protocols for secure communication; remove delivery sheet and book front matter."
Df993b1e11c98,2.0,page_rule_exclusion,,,,,"Chapter 14, Cryptography in the metaverse: advanced protocols for secure communication; remove delivery sheet and book front matter."
Df993b1e11c98,3.0,page_rule_exclusion,,,,,"Chapter 14, Cryptography in the metaverse: advanced protocols for secure communication; remove delivery sheet and book front matter."
Df993b1e11c98,4.0,page_rule_exclusion,,,,,"Chapter 14, Cryptography in the metaverse: advanced protocols for secure communication; remove delivery sheet and book front matter."
Df993b1e11c98,5.0,page_rule_exclusion,,,,,"Chapter 14, Cryptography in the metaverse: advanced protocols for secure communication; remove delivery sheet and book front matter."
Df993b1e11c98,6.0,page_rule_exclusion,,,,,"Chapter 14, Cryptography in the metaverse: advanced protocols for secure communication; remove delivery sheet and book front matter."
Df993b1e11c98,7.0,page_rule_exclusion,,,,,"Chapter 14, Cryptography in the metaverse: advanced protocols for secure communication; remove delivery sheet and book front matter."
Df993b1e11c98,46.0,reference_cut,References,0.8854516165440535,,,
Df993b1e11c98,,reference_status,,,True,standalone heading after 40% of text,
D74bc17aea3dd,1.0,library_delivery_cover,,,,,
D74bc17aea3dd,20.0,reference_cut,REFERENCES,0.8754021755783667,,,
D74bc17aea3dd,,reference_status,,,True,standalone heading after 40% of text,
D63d7b065ccb8,5.0,reference_cut,REFERENCES,0.8801799031290843,,,
D63d7b065ccb8,,reference_status,,,True,standalone heading after 40% of text,
Db1ac098543ec,11.0,reference_cut,References,0.9290272415272415,,,
Db1ac098543ec,,reference_status,,,True,standalone heading after 40% of text,
D1095d64c71c1,14.0,reference_cut,REFERENCES,0.7944362308783152,,,
D1095d64c71c1,,reference_status,,,True,standalone heading after 40% of text,
Dcb7f93f9aa99,8.0,reference_cut,REFERENCES,0.83081152501918,,,
Dcb7f93f9aa99,,reference_status,,,True,standalone heading after 40% of text,
D524a4f047a09,8.0,reference_cut,REFERENCES,0.903220966289887,,,
D524a4f047a09,,reference_status,,,True,standalone heading after 40% of text,
De395cd4ff88c,14.0,reference_cut,References,0.8695874115009876,,,
De395cd4ff88c,,reference_status,,,True,standalone heading after 40% of text,
D7654ca3e0443,6.0,reference_cut,REFERENCES,0.8091240242844753,,,
D7654ca3e0443,,reference_status,,,True,standalone heading after 40% of text,
Ddef784be4369,12.0,reference_cut,References,0.7558244662354823,,,
Ddef784be4369,,reference_status,,,True,standalone heading after 40% of text,
De6773a6d4648,19.0,reference_cut,REFERENCES,0.8783763783023755,,,
De6773a6d4648,,reference_status,,,True,standalone heading after 40% of text,
D6cf278e5b911,5.0,reference_cut,REFERENCES,0.9233765404508013,,,
D6cf278e5b911,,reference_status,,,True,standalone heading after 40% of text,
D5d212714e9a4,11.0,reference_cut,REFERENCES,0.8372855274294068,,,
D5d212714e9a4,,reference_status,,,True,standalone heading after 40% of text,
Dce466cf22246,13.0,reference_cut,REFERENCES,0.7851235666630342,,,
Dce466cf22246,,reference_status,,,True,standalone heading after 40% of text,
D8f2ad68926ef,7.0,reference_cut,REFERENCES,0.8576817357740218,,,
D8f2ad68926ef,,reference_status,,,True,standalone heading after 40% of text,
D28078c8a10cc,9.0,reference_cut,References,0.8721735013639336,,,
D28078c8a10cc,,reference_status,,,True,standalone heading after 40% of text,
Dfed6d84a0e4f,12.0,reference_cut,References,0.7599232657206534,,,
Dfed6d84a0e4f,,reference_status,,,True,standalone heading after 40% of text,
D21cf0acb1a9a,9.0,reference_cut,References,0.8449030235747405,,,
D21cf0acb1a9a,,reference_status,,,True,standalone heading after 40% of text,
Dc0b4b006fee0,6.0,reference_cut,REFERENCES,0.7883134456882765,,,
Dc0b4b006fee0,,reference_status,,,True,standalone heading after 40% of text,
D7d7f6f621da1,13.0,reference_cut,REFERENCES,0.8930892231308412,,,
D7d7f6f621da1,,reference_status,,,True,standalone heading after 40% of text,
De9070d0f44e5,13.0,reference_cut,REFERENCES,0.8049229067275115,,,
De9070d0f44e5,,reference_status,,,True,standalone heading after 40% of text,
D39a7eeed7aaa,9.0,reference_cut,References,0.9483163025964225,,,
D39a7eeed7aaa,,reference_status,,,True,standalone heading after 40% of text,
De11ad817ca1d,12.0,reference_cut,References,0.8437168970019462,,,
De11ad817ca1d,,reference_status,,,True,standalone heading after 40% of text,
D8d6830743dfc,8.0,reference_cut,References,0.9201169858928776,,,
D8d6830743dfc,,reference_status,,,True,standalone heading after 40% of text,
Ddffd47d0866a,29.0,reference_cut,References,0.7725385043000556,,,
Ddffd47d0866a,,reference_status,,,True,standalone heading after 40% of text,
D1c167b303ed0,6.0,reference_cut,References,0.6020689426142402,,,
D1c167b303ed0,,reference_status,,,True,standalone heading after 40% of text,
D5df71bcd7569,10.0,reference_cut,References,0.8679231526375268,,,
D5df71bcd7569,,reference_status,,,True,standalone heading after 40% of text,
Da7ef797c3412,8.0,reference_cut,REFERENCES,0.7826479781207267,,,
Da7ef797c3412,,reference_status,,,True,standalone heading after 40% of text,
D933970ff55c6,15.0,reference_cut,References,0.8474007265439057,,,
D933970ff55c6,,reference_status,,,True,standalone heading after 40% of text,
D514e784e1e1b,23.0,reference_cut,References,0.8931384571194998,,,
D514e784e1e1b,,reference_status,,,True,standalone heading after 40% of text,
Dfdc0a7ab21ac,21.0,reference_cut,References,0.7299657744385508,,,
Dfdc0a7ab21ac,,reference_status,,,True,standalone heading after 40% of text,
D9894a8b2bb51,1.0,library_delivery_cover,,,,,
D9894a8b2bb51,12.0,reference_cut,REFERENCES,0.9061610410736072,,,
D9894a8b2bb51,,reference_status,,,True,standalone heading after 40% of text,
Da6361d07d275,10.0,reference_cut,REFERENCES,0.9473298631193368,,,
Da6361d07d275,,reference_status,,,True,standalone heading after 40% of text,
D3ab7a5b14686,10.0,reference_cut,References,0.8203520304458763,,,
D3ab7a5b14686,,reference_status,,,True,standalone heading after 40% of text,
D2590938a004e,26.0,reference_cut,References,0.7984581012155866,,,
D2590938a004e,,reference_status,,,True,standalone heading after 40% of text,
D4bfedf8b0798,15.0,reference_cut,References,0.8312126827259625,,,
D4bfedf8b0798,,reference_status,,,True,standalone heading after 40% of text,
D78df4a50ef94,14.0,reference_cut,References,0.8013211790217654,,,
D78df4a50ef94,,reference_status,,,True,standalone heading after 40% of text,
Df606698e5a62,9.0,reference_cut,References,0.8655849423981827,,,
Df606698e5a62,,reference_status,,,True,standalone heading after 40% of text,
D4531a0b32047,29.0,reference_cut,References,0.7534137782928272,,,
D4531a0b32047,,reference_status,,,True,standalone heading after 40% of text,
D399d99db36b3,7.0,reference_cut,REFERENCES,0.9053429131286741,,,
D399d99db36b3,,reference_status,,,True,standalone heading after 40% of text,
D2ddae8e6696b,15.0,reference_cut,References,0.8154711909961364,,,
D2ddae8e6696b,,reference_status,,,True,standalone heading after 40% of text,
Db4a620abe159,4.0,reference_cut,REFERENCES,0.8885078065011518,,,
Db4a620abe159,,reference_status,,,True,standalone heading after 40% of text,
D1f315032455a,9.0,reference_cut,REFERENCES,0.8352933038184837,,,
D1f315032455a,,reference_status,,,True,standalone heading after 40% of text,
D9c3426dab355,7.0,reference_cut,REFERENCES,0.7367580935251798,,,
D9c3426dab355,,reference_status,,,True,standalone heading after 40% of text,
D1a5520aa7ae7,17.0,reference_cut,References,0.7451115766752373,,,
D1a5520aa7ae7,,reference_status,,,True,standalone heading after 40% of text,
Dced739924e6e,38.0,reference_cut,References,0.8992444325301086,,,
Dced739924e6e,,reference_status,,,True,standalone heading after 40% of text,
