topic,rank,document_id,filename,document_topic_weight,representative_unit,pdf_page_start,pdf_page_end
T01,1,D1a5520aa7ae7,Unraveling the dynamics of digital equality and trust in AI-empowered metaverses and AI-VR-convergence_compressed.pdf,0.4711687227527093,10,11,13
T01,2,D5df71bcd7569,Navigating_Consumer_Rights_and_Ethical_Advertising_in_the_Metaverse_chapter.pdf,0.4350068509311727,1,3,5
T01,3,Ddef784be4369,Ethical_and_Legal_Challenges_of_NFTs_chapter_extracted.pdf,0.16593421242672562,4,7,10
T02,1,D1f315032455a,Towards_Secure_AI-driven_Industrial_Metaverse_with_NFT_Digital_Twins_compressed.pdf,0.753334879246088,2,2,3
T02,2,D7d7f6f621da1,Legalities_in_Metaverse__Ethereum_Fraud_Detection_compressed.pdf,0.720464142732492,6,7,9
T02,3,Dc3ba77443e3f,A_privacy_awareness_framework_for_NFT_avatars_in_the_metaverse_compressed.pdf,0.5940105007625591,4,4,5
T03,1,D5d212714e9a4,Freedom_and_Restraint_in_Dark_Forest_A_Peek_at_the_Metaverse_Through_a_Blockchain_Game_compressed.pdf,0.7394579115280258,7,7,8
T03,2,D2ddae8e6696b,The Technological Innovation of the Metaverse in Financial_compressed.pdf,0.4482380616835581,4,5,6
T03,3,D4bfedf8b0798,"The Digital Payment Revolution in the Metaverse_ A Systematic Review of Emerging Technologies, Challenges, and Future Directions_compressed.pdf",0.37907918293932313,3,4,5
T04,1,D6bbb4f6b30f4,Blockchain-Based_Trust_Management_for_Virtual_Entities_in_the_Metaverse_A_Model_for_Avatar_and_Virtual_Organization_Interactions_compressed.pdf,0.3365926286324397,15,19,21
T04,2,D514e784e1e1b,NFTs for combating deepfakes and fake metaverse digital contents_compressed.pdf,0.30414749549078784,11,18,19
T04,3,D524a4f047a09,Eden_An_Edge_Computing_Empowered_Proof-of-Personhood_Protocol_for_Anti-Sybil_in_Blockchain-based_Metaverse_compressed.pdf,0.25270198581065517,4,5,6
T05,1,De11ad817ca1d,METAseen_ analyzing network traffic and privacy policies in Web 3.0 based Metaverse_compressed.pdf,0.6164078842446524,10,9,10
T05,2,D28078c8a10cc,Innovative Accounting and Auditing.pdf,0.5273329539775842,6,8,9
T05,3,D21cf0acb1a9a,Jurisdictional_Challenges_in_Metaverse_chapter.pdf,0.5024441280688844,4,8,9
T06,1,Dfed6d84a0e4f,Is the metaverse failing.pdf,0.6976002728915831,9,7,8
T06,2,D78df4a50ef94,The effects of non-fungible token platform affordances on customer loyalty_ A Buyer-Creator duality perspective_compressed.pdf,0.6330781906774022,2,2,3
T06,3,D1c167b303ed0,"Money, possessions, and ownership in the Metaverse_ NFTs, cryptocurrencies, Web3 and Wild Markets_compressed.pdf",0.4359267064178468,4,3,5
T07,1,D569a973fcbb6,A blockchain-based signature exchange protocol for metaverse_compressed.pdf,0.7394226730618622,4,4,5
T07,2,D1095d64c71c1,Design_of_Secure_Mutual_Authentication_Scheme_for_Metaverse_Environments_Using_Blockchain_compressed.pdf,0.6648645392531863,4,5,6
T07,3,Da6361d07d275,Seamless_Asset_Exchange_in_Interconnected_Metaverses_Unraveling_On-Chain_Atomic_Swap_compressed.pdf,0.66389135118381,5,5,6
T08,1,Ddc6958bc957f,"Criminology Towards the Metaverse_ Cryptocurrency Scams, Grey Economy and the Technosocial_compressed.pdf",0.7648264663238387,7,9,10
T08,2,Dfdc0a7ab21ac,Opportunities to future crime_ Scoping the future of money laundering and terrorist financing through cryptoassets_compressed.pdf,0.6153176628334214,9,8,9
T08,3,D6cf278e5b911,Financial cybercrime in the Islamic Finance Metaverse_compressed.pdf,0.4570916787366374,0,1,1
T09,1,D2590938a004e,Stylized facts of metaverse non-fungible tokens_compressed.pdf,0.47587215427878504,14,15,16
T09,2,D6baa23748f4c,Accounting Profession in Metaverse Era - NFT_compressed.pdf,0.33964039397607443,4,4,6
T09,3,D1c167b303ed0,"Money, possessions, and ownership in the Metaverse_ NFTs, cryptocurrencies, Web3 and Wild Markets_compressed.pdf",0.15862424694478514,0,1,2
T10,1,De395cd4ff88c,Efficient post-quantum attribute-based access control scheme for blockchain-empowered metaverse data management_compressed.pdf,0.6955507445459902,2,2,3
T10,2,D39a7eeed7aaa,MetaL_A_Fully_Decentralized_User-Driven_Access_Control_Scheme_for_Metaverse_Utilizing_MC-ABE_and_Sharding_Blockchain_compressed.pdf,0.6467923129563753,7,7,8
T10,3,Dfd64df1a4eaf,Advanced_Encryption_Using_Generative_Adversarial_Network_for_Enhancing_Security_of_Non-Fungible_Tokens_NFTs_compressed.pdf,0.5567063715165524,6,6,8
T11,1,Db1ac098543ec,Demystifying opportunities and risk for businesses_ A qualitative enquiry_compressed.pdf,0.8808816317117281,3,5,7
T11,2,Dfb76bf848dd2,Blockchain-based_Security_Framework_for_Metaverse_A_Decentralized_Approach_compressed.pdf,0.7794326616989764,3,3,4
T11,3,D957f80b1f6a0,A Mini Review on Purchaser Security in the Metaverse - extracted chapter.pdf,0.73335021087253,0,1,3
