fold,k,seed_a,seed_b,matched_js_similarity,matched_top10_jaccard,dominant_topic_ari,document_topic_mean_l1
1,2,11,42,0.7219646028381674,0.7424242424242424,0.9056820555671611,0.19531971841720247
1,2,11,97,0.7522888761753436,0.9090909090909092,0.578989988221437,0.22004590492000595
1,2,11,2026,0.7784103737237542,0.9090909090909092,0.578989988221437,0.15787997656332325
1,2,11,31415,0.8101153398731533,0.9090909090909092,0.9056820555671611,0.09258660586164426
1,2,42,97,0.713915653066413,0.7424242424242424,0.6543693322341303,0.2523972421550764
1,2,42,2026,0.7629284978433036,0.8333333333333333,0.6543693322341303,0.1995149400832536
1,2,42,31415,0.758149488431724,0.8333333333333333,1.0,0.1704040918027287
1,2,97,2026,0.8295209253970857,0.9090909090909092,1.0,0.10813540968685721
1,2,97,31415,0.7891959864296894,0.9090909090909092,0.6543693322341303,0.17273402638216087
1,2,2026,31415,0.8440422965878374,1.0,0.6543693322341303,0.09388125522177827
1,3,11,42,0.5606458802715891,0.3968253968253968,0.3041356280503468,0.5787458377609778
1,3,11,97,0.5857191056017444,0.4239028944911298,0.3298924101977578,0.5009839814232573
1,3,11,2026,0.671511410815454,0.6317016317016316,0.5280593632115745,0.29309905166566946
1,3,11,31415,0.6727204156075729,0.7171717171717171,0.4147547358480084,0.3236621733701753
1,3,42,97,0.568657701481101,0.4444444444444444,0.3784561726161489,0.5622149052653873
1,3,42,2026,0.49992839470518646,0.36507936507936506,0.36938029677703915,0.7126812013096283
1,3,42,31415,0.6707066010886296,0.47008547008547,0.35842741249219945,0.4119467573181987
1,3,97,2026,0.5672354948941339,0.5032679738562091,0.5500468596302349,0.446443037122069
1,3,97,31415,0.5072840455416486,0.4192532613585245,0.185533894550288,0.5991265205831344
1,3,2026,31415,0.6292570111340795,0.7171717171717171,0.32387745177500404,0.4073948041024628
1,4,11,42,0.5563701101221159,0.41239316239316237,0.37402839519647435,0.6171619907018269
1,4,11,97,0.5307106440243283,0.46078431372549017,0.4945764959485176,0.5354904662784804
1,4,11,2026,0.5062550473510777,0.36408730158730157,0.4991652754590985,0.6128021608543278
1,4,11,31415,0.5796584777976066,0.5441176470588235,0.6783403313615443,0.4141989842839498
1,4,42,97,0.521492857833741,0.43887362637362637,0.3210400783941525,0.6368851365343396
1,4,42,2026,0.5739045342099462,0.4287330316742081,0.31541850220264317,0.584972292467718
1,4,42,31415,0.5618989105602772,0.49866310160427807,0.4032471243837965,0.5791080692032061
1,4,97,2026,0.5112113190453205,0.37745098039215685,0.6060085836909871,0.5255840318915189
1,4,97,31415,0.4939478259834819,0.4287330316742081,0.44107387675060306,0.5728329720241659
1,4,2026,31415,0.5665496148721559,0.4642857142857143,0.43828715365239296,0.4774735116286115
1,5,11,42,0.47628137754682986,0.40965309200603317,0.3385678566682223,0.8404427398524879
1,5,11,97,0.4694677740726477,0.4010989010989011,0.3641153902190277,0.6583685028864792
1,5,11,2026,0.5056073014154576,0.4449585502217081,0.6093031764606812,0.4513280439685877
1,5,11,31415,0.5212332826336075,0.46606334841628955,0.5846709044378663,0.5476338134307339
1,5,42,97,0.4598710506055614,0.284885290148448,0.3129212937047701,0.7228490119118341
1,5,42,2026,0.5033238940744368,0.368009768009768,0.42288027268853856,0.7345911903677153
1,5,42,31415,0.44266923134611036,0.3315347191508182,0.18650474324900534,0.8953966543293675
1,5,97,2026,0.46673506505142115,0.34896214896214894,0.40335958844119646,0.6885075477113897
1,5,97,31415,0.43520080840721065,0.23211951447245566,0.3651861708805142,0.7509517074807769
1,5,2026,31415,0.4734182833838072,0.34970911441499675,0.4538149140240214,0.6283714204566997
1,6,11,42,0.5125049679917121,0.491980241980242,0.37397681801043553,0.6600867416927001
1,6,11,97,0.41752750257540566,0.29298941798941797,0.36271333153973023,0.7827966111057547
1,6,11,2026,0.4852974712178546,0.37510773540185305,0.4321101675728707,0.6127270399095059
1,6,11,31415,0.4418911641563387,0.3994708994708995,0.3454534158060419,0.6588237014412998
1,6,42,97,0.4421007687057479,0.3410368870895186,0.3108058202230593,0.7181702426195734
1,6,42,2026,0.4623571671848154,0.42940685045948196,0.358237762865543,0.8087019888347393
1,6,42,31415,0.4451066016347469,0.3622303622303622,0.2543672453914703,0.8289078476337393
1,6,97,2026,0.46479427451307886,0.3439153439153439,0.3781262233047714,0.7154561888022355
1,6,97,31415,0.4006287850224736,0.23148148148148148,0.34994626965330883,0.8649572445053205
1,6,2026,31415,0.42839958913141035,0.4073116426057602,0.3454096376452683,0.7912401726037516
1,7,11,42,0.46662488876810215,0.42859241598737396,0.3430715625837577,0.8279491712483829
1,7,11,97,0.3987823270235518,0.2756260398896401,0.22175364610788964,0.8026336570494177
1,7,11,2026,0.4608683711624743,0.42479859076497734,0.4662167791385487,0.6675736860299275
1,7,11,31415,0.38832467165526563,0.2913832199546485,0.19761611179613645,0.9474094101141942
1,7,42,97,0.4529444012595269,0.44311360907999564,0.30240103828682674,0.6763841131850108
1,7,42,2026,0.41184782503558875,0.3263335637285217,0.2566788894709272,0.9321265234760561
1,7,42,31415,0.44388117226437507,0.47837596577092373,0.260405916752666,0.6878015164749468
1,7,97,2026,0.4270064719343343,0.31999466453247966,0.40508722179255824,0.7685639229027719
1,7,97,31415,0.43144213365686507,0.36544658349169623,0.34081477089861945,0.7209006206923396
1,7,2026,31415,0.40708393178309393,0.3945578231292517,0.2645506304312749,0.8607894325926266
1,8,11,42,0.4158310627668762,0.3169642857142857,0.3030149987612205,0.8442375154590037
1,8,11,97,0.3930152778282609,0.26385971055088697,0.2754725607706203,0.8219281166854219
1,8,11,2026,0.4069585809315363,0.32026409048467874,0.16807496882502931,0.8313073136112851
1,8,11,31415,0.37172897188047804,0.24378501400560226,0.15673419603209393,0.9605408112314621
1,8,42,97,0.41500011684107063,0.3968343747755512,0.3483300686260887,0.7317068866975492
1,8,42,2026,0.453894788942395,0.38757178279237103,0.2773176496863891,0.7086536667431756
1,8,42,31415,0.4181193860893868,0.26474888200894386,0.22557222084580053,0.8563414555589861
1,8,97,2026,0.38439899546545986,0.2904998875393612,0.234910377586275,0.9020033384676527
1,8,97,31415,0.4308529896395894,0.28493355844362034,0.162138659662114,0.8917904107334033
1,8,2026,31415,0.4375912086142242,0.37694224420230615,0.243704517113663,0.7277073090861307
1,9,11,42,0.39263023918359974,0.30525828565044244,0.491746484613817,0.8575115590292568
1,9,11,97,0.3773918748262699,0.30197634609399315,0.227992277992278,0.9775571210537023
1,9,11,2026,0.3787300712038914,0.3176039646627882,0.176090643380363,0.9468630268508771
1,9,11,31415,0.36628208890133274,0.2706971677559913,0.16108054027013508,1.0213856045309713
1,9,42,97,0.38221484342454126,0.33559844963353735,0.21569434158918238,0.7842228364812708
1,9,42,2026,0.44439874714466465,0.3541824914373934,0.24647141036076853,0.7169581307780831
1,9,42,31415,0.43480567411429777,0.419689243218655,0.1301107325383305,0.7339114567216534
1,9,97,2026,0.39561791479703984,0.3364915766876551,0.15103345531336332,0.8348716904715938
1,9,97,31415,0.4152360026934352,0.31832251569093667,0.17125075286087132,0.8402565511915792
1,9,2026,31415,0.4167160944473233,0.38821454507729014,0.183079898373213,0.7892694274323813
1,10,11,42,0.39555073045638983,0.2955597893678389,0.39657141053096834,0.931704051774446
1,10,11,97,0.3787292236713087,0.26625094032214774,0.3199985124996514,0.9109536135643858
1,10,11,2026,0.3841270286198544,0.3461433561278762,0.23774228157216845,0.8817203884681949
1,10,11,31415,0.3783314066019355,0.299084249084249,0.19553438856982772,0.8999394576083354
1,10,42,97,0.40627104453435603,0.33824786324786327,0.3346784227809684,0.8151330363616516
1,10,42,2026,0.44158878340876856,0.4371061944591356,0.17990335914304012,0.6706989278866269
1,10,42,31415,0.41050351469965757,0.41203404438698554,0.15320340959640286,0.8895141494902413
1,10,97,2026,0.4132549498004411,0.3302631578947368,0.1694068448326992,0.7946098428019553
1,10,97,31415,0.3894068844873252,0.31984126984126976,0.15820890910120983,0.8616918523094375
1,10,2026,31415,0.3992017618136813,0.4047930397775598,0.17199668391699743,0.9035901826908419
1,11,11,42,0.3725419570659902,0.3349887986110896,0.25784518828451886,0.8910494256858899
1,11,11,97,0.3799650377320953,0.3422198716316363,0.28387800284175396,0.880894255928233
1,11,11,2026,0.3641974448375912,0.3231052573157836,0.18781509621529505,0.8823758348307894
1,11,11,31415,0.3873384743924996,0.4034500852682671,0.3765008247343588,0.7554258028410583
1,11,42,97,0.37339111294412314,0.3337528484587308,0.30379350801720767,0.9427741318725389
1,11,42,2026,0.4192423542611257,0.3785756726933197,0.2939541933310879,0.7152176702929149
1,11,42,31415,0.388197647586309,0.40914967385555623,0.16485821099662623,0.8149126967112109
1,11,97,2026,0.4149455899541003,0.39635364635364634,0.30372575687803205,0.7605462031726407
1,11,97,31415,0.38901671468064536,0.33764627185679824,0.267731914018777,0.8483657034989897
1,11,2026,31415,0.4261678727285368,0.43194253755751083,0.16474476770716426,0.7828969907254434
1,12,11,42,0.3814794914725377,0.31112936627642507,0.42033923413080515,0.790443571443024
1,12,11,97,0.3758123096459188,0.3282580709051297,0.1443836582818649,0.8979112006349492
1,12,11,2026,0.36185994229830826,0.317110177404295,0.17971767249786832,0.9326383576090431
1,12,11,31415,0.37789678306599606,0.3786228391491549,0.1950132368037171,0.8391868461905192
1,12,42,97,0.36289155302006054,0.31826258393595847,0.1771599313399309,1.0348276298379444
1,12,42,2026,0.4113476430703901,0.3866194721457879,0.1164933236057619,0.7979159519977
1,12,42,31415,0.4495866663418469,0.49505192519898406,0.22826896038375652,0.6628529929621393
1,12,97,2026,0.4037626928786843,0.389764475290791,0.18953889879208685,0.8766796136337917
1,12,97,31415,0.3892160543311414,0.32790639872683214,0.050353056528580575,0.9423927438465597
1,12,2026,31415,0.385189894156972,0.35817406134743596,0.13404838837750507,0.890497190972791
2,2,11,42,0.702271755196432,0.8181818181818182,0.818421246229677,0.2442905783520468
2,2,11,97,0.8030015467844455,0.9090909090909092,0.9069592864081957,0.12160932227657424
2,2,11,2026,0.6429286718102136,0.5476190476190476,0.4424205001543686,0.3833376080327148
2,2,11,31415,0.7908090024649908,0.9090909090909092,0.7341576506955177,0.17882391592760907
2,2,42,97,0.7199363117523284,0.9090909090909092,0.7343245085395693,0.22699974191366043
2,2,42,2026,0.6706551742552753,0.6025641025641025,0.5782863041982106,0.33875342376476103
2,2,42,31415,0.6960729224888165,0.7424242424242424,0.5793863261943987,0.2818071248736053
2,2,97,2026,0.6334486219279066,0.6025641025641025,0.38101929602083834,0.40722901069033873
2,2,97,31415,0.7665757303379884,0.8181818181818182,0.8183036174379058,0.1896864765767634
2,2,2026,31415,0.6600071738735038,0.48351648351648346,0.381294964028777,0.4250814270204919
2,3,11,42,0.6168026721584939,0.6744366744366744,0.5607641764673403,0.3953378761489338
2,3,11,97,0.4708126643995052,0.27777777777777773,0.38026338099813484,0.6615279311965275
2,3,11,2026,0.5864691931042442,0.5079365079365079,0.2596669489133503,0.5453487835965501
2,3,11,31415,0.49317156462517,0.34453781512605036,0.2160286422473148,0.7402322259574562
2,3,42,97,0.5095312522243579,0.3461538461538461,0.3762566983438294,0.534806156316079
2,3,42,2026,0.5692577828547637,0.5266955266955267,0.231050316905963,0.5469797092629413
2,3,42,31415,0.5114444759981472,0.4426619132501486,0.2786781862899666,0.6745025702038883
2,3,97,2026,0.5600697797716657,0.5445665445665445,0.19084670484713898,0.49114214885434304
2,3,97,31415,0.611085248369196,0.6239316239316239,0.13067072547638128,0.4403971970572835
2,3,2026,31415,0.6516960697229657,0.735042735042735,0.31606342862667997,0.33577774365190644
2,4,11,42,0.46739761881414454,0.4087301587301587,0.27810136257017104,0.6641963956819527
2,4,11,97,0.48277546896694645,0.3429487179487179,0.23329736614013055,0.741555622348742
2,4,11,2026,0.43769930348387365,0.35714285714285715,0.1327299628806036,0.9587417570274851
2,4,11,31415,0.5394760216195129,0.4636752136752136,0.3927622399374339,0.7433244994414447
2,4,42,97,0.5752406356785553,0.5021645021645021,0.23085142958027857,0.4828988978185833
2,4,42,2026,0.46743915088562293,0.34027777777777773,0.11377840395939454,0.7398335762111092
2,4,42,31415,0.5906315810515104,0.5571095571095571,0.3582809694793537,0.4496955006889555
2,4,97,2026,0.48341555977572637,0.4204912734324499,0.32321785648180457,0.6554656966832358
2,4,97,31415,0.5797989587553118,0.5155677655677655,0.24141283520383602,0.5176914640788127
2,4,2026,31415,0.5055928128286186,0.3804271708683473,0.15678555734583272,0.6377740506032713
2,5,11,42,0.4356344910609947,0.3782918835550414,0.1624297472963874,0.7603313100016329
2,5,11,97,0.44373910854324927,0.29365079365079366,0.2198479437852782,0.7083758899275051
2,5,11,2026,0.43306472476014424,0.3547619047619047,0.3671107668969843,0.6347849971920106
2,5,11,31415,0.5289894488702175,0.6063936063936064,0.1918946560981846,0.6001564224781025
2,5,42,97,0.48986018800987374,0.43467643467643463,0.3394680633174357,0.6107452149772994
2,5,42,2026,0.44436792653790214,0.29561157796451915,0.15615390336255372,0.8290857253068148
2,5,42,31415,0.4621296917891408,0.38195488721804505,0.27719366562824505,0.7163377014612673
2,5,97,2026,0.5286627037876477,0.37912087912087916,0.30009629870718146,0.5298208211802276
2,5,97,31415,0.4447664174747888,0.24682539682539678,0.10551821880857679,0.7610604170902758
2,5,2026,31415,0.4616751773148816,0.42926517926517926,0.1876450260424447,0.6765924948981311
2,6,11,42,0.3834286511684375,0.20520050125313283,0.1587360986048905,0.9013539421844732
2,6,11,97,0.41281715123537915,0.3366107576633892,0.20685443731544298,0.7498902050010287
2,6,11,2026,0.42726351080674024,0.3362606176073668,0.2858124355891446,0.8102065092811855
2,6,11,31415,0.5123088238533265,0.4414996767937944,0.2479468217185777,0.6895846707335299
2,6,42,97,0.40992931827152884,0.35014950649625565,0.19163699554021704,0.7933203624400424
2,6,42,2026,0.4102196013663757,0.2721366324307501,0.3164747120681021,0.7602532766989679
2,6,42,31415,0.3691317243335647,0.2807050620518113,0.1417929790950583,0.8614723684859047
2,6,97,2026,0.4162712377230721,0.24850115484790405,0.1882605583392985,0.8473126408999041
2,6,97,31415,0.406083176863045,0.3013448969331322,0.13988986184705524,0.907810329884298
2,6,2026,31415,0.42367011066401855,0.3433048433048433,0.18857331571994715,0.9541149886893955
2,7,11,42,0.42236448194080506,0.36603872318158037,0.23852089218703884,0.8019539998822983
2,7,11,97,0.39352697394733116,0.28223084105437046,0.17272491717717606,0.8542779051149914
2,7,11,2026,0.43465844480027643,0.36121242755475397,0.17012393656128558,0.8516005618322219
2,7,11,31415,0.42065063007268544,0.3807446055345215,0.09820111936017134,0.8864167464909203
2,7,42,97,0.3801954518625517,0.2526835295521717,0.22329131003077962,0.9327047108064315
2,7,42,2026,0.37236054801323615,0.27154195011337867,0.15590475039284418,0.9846261064704706
2,7,42,31415,0.40830879915851853,0.3676137121515272,0.21509453256821015,0.8320344150540582
2,7,97,2026,0.4112475563111054,0.30382152861144457,0.13850961033504883,0.9401811733143851
2,7,97,31415,0.4068985572704951,0.31671899529042385,0.1135508875412748,0.8960798180777146
2,7,2026,31415,0.39763002308529016,0.3764172335600907,0.16827549269028982,0.8614504637007434
2,8,11,42,0.3955420479225469,0.28743580765639587,0.20250275139607876,0.9488306135707181
2,8,11,97,0.39313006239390025,0.2605180229986731,0.15700956278205855,0.9391047187777806
2,8,11,2026,0.4052710332148283,0.3596911129805867,0.22927990656304748,0.8224169884042479
2,8,11,31415,0.38121236907121403,0.31266869095816463,0.07293666026871401,1.0011195607636665
2,8,42,97,0.3877483201044769,0.2937315952021834,0.3380534770831657,0.8427778382488048
2,8,42,2026,0.4075412654127537,0.33315152984270635,0.21251927737387089,0.8387078092922654
2,8,42,31415,0.4108634268325405,0.397492417713006,0.1425206124852768,0.8303441366508538
2,8,97,2026,0.37350759140134815,0.2520925711715185,0.15729343693822018,0.9302748733589823
2,8,97,31415,0.3886215929002553,0.2759978991596639,0.10957178841309824,0.9771801259344839
2,8,2026,31415,0.39613115372229624,0.3279356951957571,0.19895968790637192,0.8925752485031498
2,9,11,42,0.3979501556534744,0.32069038441587455,0.23381710192685262,0.9620822491559587
2,9,11,97,0.40058327793225557,0.3245868147828932,0.1906751636451296,0.9091630048815063
2,9,11,2026,0.41002513329547485,0.3805018510900864,0.23754026858270724,0.8130436780297399
2,9,11,31415,0.3939131730862691,0.29050053069660914,0.17020256502457148,0.9549467271848825
2,9,42,97,0.3874638313276659,0.3401432875117085,0.15976231546527508,1.0019222859209544
2,9,42,2026,0.3830343511668026,0.3727824463118581,0.19691984701291254,0.8870794055811391
2,9,42,31415,0.3816801703152465,0.3410793521732634,0.1568627450980392,0.8954339265798443
2,9,97,2026,0.38503341959365006,0.2875497777458562,0.08307141820995116,0.8857921653558418
2,9,97,31415,0.42394076049411417,0.4074237309531427,0.11885245901639344,0.8180146963286373
2,9,2026,31415,0.376670419332997,0.2733293347328435,0.24188998589562766,0.9483071518156994
2,10,11,42,0.3765915752678523,0.33028801264095387,0.20259993256659048,1.0553503827091661
2,10,11,97,0.37164376298738194,0.27606714750677597,0.0839059625581647,0.9709647496767623
2,10,11,2026,0.37687230826322465,0.3361757523522229,0.12887646317859228,0.9316140749740416
2,10,11,31415,0.4009609896193228,0.37625511743158796,0.1816226598852938,0.9865651634054201
2,10,42,97,0.3692431685131582,0.3173636820695644,0.10895609756097561,0.9866478921313407
2,10,42,2026,0.39621685834803777,0.3548911872441284,0.12730050192769332,0.9706013964439464
2,10,42,31415,0.3728024877240367,0.3250469688550184,0.14922926829268293,0.8933520690876129
2,10,97,2026,0.37648534506935877,0.3216799540328952,0.12888063035357034,0.9484876507319806
2,10,97,31415,0.3991755981922521,0.3974811136575842,0.07790881633827125,0.895836550818251
2,10,2026,31415,0.3982126656146091,0.34696034959192856,0.14057350779848887,0.9356999499899519
2,11,11,42,0.3475002088470853,0.2900498194615841,0.05967552983776492,1.068357849787536
2,11,11,97,0.3628722445123506,0.29549724441365305,0.24803711634546752,0.9368503216429168
2,11,11,2026,0.3753343476190384,0.32666219698305254,0.14632958084665842,0.8787120065263697
2,11,11,31415,0.4330243243766988,0.40881667352255585,0.20047053466398512,0.854771823541188
2,11,42,97,0.35861501409993557,0.279631054750672,0.04536159913199516,1.0549921567131337
2,11,42,2026,0.3876947203743944,0.40465090465090464,0.12160063803176867,0.9353197917439932
2,11,42,31415,0.37283233958274153,0.37232267685405884,0.13765021089211343,0.8433400264407679
2,11,97,2026,0.35575655599340067,0.2775856754184928,0.10032329558162704,1.0551773391947799
2,11,97,31415,0.38129600151447673,0.32833235345197065,0.08143930767478934,0.9202407725511326
2,11,2026,31415,0.38365477897932687,0.350897984024919,0.17565214013324443,0.9917731668644728
2,12,11,42,0.3794998791157425,0.32734677316720656,0.21243667538829816,0.8614213547751117
2,12,11,97,0.3614690302163351,0.32024671092008555,0.1304669129996641,1.0160416649165056
2,12,11,2026,0.37753773591168643,0.33011946343989684,0.12570298498238675,0.9860584224480923
2,12,11,31415,0.4323351703588924,0.475986975986976,0.1685082872928177,0.7994727219988754
2,12,42,97,0.316607467730098,0.22987616099071206,0.051581281363052865,1.2118881092270957
2,12,42,2026,0.37621648107160816,0.3746800227063385,0.1902424837314138,0.9654344533520951
2,12,42,31415,0.3770687215170853,0.37045739348370926,0.14408717612201474,0.8853461584881241
2,12,97,2026,0.3530529091348103,0.2821712601124366,0.029596282311937266,1.1755567539336673
2,12,97,31415,0.3890907960268737,0.3752426409160155,0.05959868469606147,0.8848995127712883
2,12,2026,31415,0.3868743971692272,0.4236233537704126,0.18536439888164027,1.0411068987079906
3,2,11,42,0.7018306486653525,0.7424242424242424,0.23251011331381446,0.2945156820076115
3,2,11,97,0.6023730526005715,0.48351648351648346,0.053594397598970986,0.442391247221823
3,2,11,2026,0.6582040214346837,0.6025641025641025,0.14836458514835119,0.33560873043586653
3,2,11,31415,0.6139466300690936,0.6666666666666666,0.33482890243085783,0.3073081466376896
3,2,42,97,0.7750155070562827,0.6783216783216783,0.5878299572345931,0.22199117071870597
3,2,42,2026,0.8409400223500981,0.8181818181818182,0.661775944439727,0.10462247566723458
3,2,42,31415,0.6979272565682475,0.7424242424242424,0.6618484841714886,0.22742551867657504
3,2,97,2026,0.8165934382253233,0.8333333333333333,0.7395502710639764,0.14478227517122547
3,2,97,31415,0.656606268342761,0.6666666666666666,0.4500962837610367,0.3066277939228313
3,2,2026,31415,0.6762904324802996,0.7424242424242424,0.3896692159840858,0.25748071395909367
3,3,11,42,0.6872547238632868,0.6744366744366744,0.6910854858088672,0.2714635756308628
3,3,11,97,0.6230162742261472,0.43345543345543347,0.5710349966420087,0.3318654065997904
3,3,11,2026,0.6572605280939157,0.6744366744366744,0.45252717757345057,0.2977128761735089
3,3,11,31415,0.5021086405482978,0.35938135938135934,0.24393496554512126,0.7587582883464783
3,3,42,97,0.6931678487824037,0.595071595071595,0.6189126283122464,0.2690104032810863
3,3,42,2026,0.6952163822186224,0.7171717171717171,0.6278369721366315,0.3059083498100439
3,3,42,31415,0.514900808865797,0.39601139601139596,0.28590925874858025,0.5729786795859201
3,3,97,2026,0.6535336390400817,0.5584415584415584,0.4703458366719255,0.34823608601334355
3,3,97,31415,0.5192283927721272,0.36904761904761907,0.2116264061767314,0.6151797574477758
3,3,2026,31415,0.526579660253119,0.32763532763532766,0.19061756331555152,0.6234382139001036
3,4,11,42,0.6089160609868418,0.43887362637362637,0.34851591098114626,0.4797058262420672
3,4,11,97,0.48473772168161855,0.2222222222222222,0.32482362952592714,0.849165804285732
3,4,11,2026,0.5418775247238213,0.49572649572649563,0.2444801863509054,0.45982009355837383
3,4,11,31415,0.5095104719841503,0.3895315211104685,0.276707962892417,0.6136399570726879
3,4,42,97,0.5621718633567226,0.5296370296370296,0.4976685528433699,0.4615171053006813
3,4,42,2026,0.5494608117447647,0.5571095571095571,0.24378804733661655,0.548338804731121
3,4,42,31415,0.5800027194614266,0.5809190809190808,0.5784973995322938,0.3853892511780645
3,4,97,2026,0.5387652962388608,0.5155677655677655,0.2393936370625554,0.5630935630696406
3,4,97,31415,0.5819663469910201,0.6404428904428904,0.4122439570202023,0.4198431245523796
3,4,2026,31415,0.58538139705946,0.7103729603729604,0.3516531017341501,0.4351870985352459
3,5,11,42,0.5199356326162246,0.44340659340659344,0.37445682977517475,0.571521060845675
3,5,11,97,0.5348648490714176,0.3743589743589743,0.46882186740258885,0.6573969191367466
3,5,11,2026,0.49155119989550844,0.40672268907563025,0.27099412890032326,0.7433846554612926
3,5,11,31415,0.4967768733724863,0.341025641025641,0.37013116718822825,0.6384564368069999
3,5,42,97,0.518086506335178,0.40131143366437483,0.5032735041196345,0.5352549947778278
3,5,42,2026,0.4868308296787068,0.4903762903762904,0.25903164389174077,0.7792137246315934
3,5,42,31415,0.4805735667986057,0.45672268907563024,0.4332435177694923,0.6379863446212292
3,5,97,2026,0.5680976226109447,0.557042957042957,0.4080927425758298,0.48910872711842174
3,5,97,31415,0.5967266283681218,0.579020979020979,0.7082366850218141,0.4257902188228432
3,5,2026,31415,0.5635541509902021,0.579020979020979,0.4226305421900733,0.5346072330090127
3,6,11,42,0.507875519889207,0.39891725921137683,0.3292949898004876,0.5465122831862937
3,6,11,97,0.4286982355303673,0.28139589169000934,0.17439103816595025,0.9711312637912275
3,6,11,2026,0.4701082647157224,0.31181917211328974,0.37450059823259,0.6683306270293926
3,6,11,31415,0.47788243562198396,0.3714896214896215,0.377432992980217,0.6605834310388236
3,6,42,97,0.41641570548896595,0.2794117647058823,0.19107400744888395,0.9792417176730186
3,6,42,2026,0.45296766628753193,0.3777268483150836,0.3316544184757256,0.7545462821102048
3,6,42,31415,0.4649711131448265,0.45482295482295476,0.3895198760970573,0.6299069606384591
3,6,97,2026,0.4757879212276149,0.34336170365582125,0.2897030400137954,0.7343075627409487
3,6,97,31415,0.4411966813849797,0.3677248677248677,0.25367937103838517,0.8905784259252993
3,6,2026,31415,0.4776373915749798,0.38359788359788355,0.353887161917701,0.7366085429678766
3,7,11,42,0.3952891131130653,0.34156820622986034,0.2729046178025629,0.8925247984421781
3,7,11,97,0.42169214832810864,0.360911436099406,0.11444103901146907,0.7728006934644394
3,7,11,2026,0.4393760070641156,0.33796082535578337,0.2382778767533589,0.8197649376832292
3,7,11,31415,0.4483648683519869,0.40724751439037155,0.321377331420373,0.7550377192646658
3,7,42,97,0.4609554753772059,0.3671472637638051,0.35848014994036465,0.6898375231488553
3,7,42,2026,0.44278830885103115,0.32650536597905017,0.3240031928237485,0.7927674675341101
3,7,42,31415,0.45541810460717386,0.35243328100470955,0.5085731419048483,0.7006572907826208
3,7,97,2026,0.42828880445027523,0.2501158358080074,0.30794450870594364,0.9039713421378409
3,7,97,31415,0.45523144275379807,0.3901718582169709,0.3429633787007156,0.7446374739448838
3,7,2026,31415,0.4095327498097419,0.3063892223556089,0.1514521673845181,0.9025680395640971
3,8,11,42,0.39999019009404657,0.28743580765639587,0.28290865995090153,0.8117426021045692
3,8,11,97,0.40058315435300995,0.3073649669044406,0.1136789506558401,0.8436776502883757
3,8,11,2026,0.4604859819891379,0.37104072398190047,0.30215974755132985,0.7715991591204812
3,8,11,31415,0.4047123501848206,0.3926824272219009,0.3171094901545788,0.811356214456696
3,8,42,97,0.4136482100229938,0.29224349996408816,0.236596941465987,0.8703349784191691
3,8,42,2026,0.45194608782026396,0.31965578066584255,0.40329936923823384,0.74551659513718
3,8,42,31415,0.39390649631845737,0.2730287965388585,0.32385159010600706,0.8548587330301669
3,8,97,2026,0.4463502214407691,0.35153388278388276,0.2914009330993451,0.7555502628391437
3,8,97,31415,0.41663079182393725,0.33482142857142855,0.42927211470657367,0.7630831438688946
3,8,2026,31415,0.43533547834146824,0.3354479949874687,0.27088518209140305,0.8677526676330626
3,9,11,42,0.4300297199300316,0.3654747099019544,0.25076402579178897,0.8149837844876103
3,9,11,97,0.3831044121162301,0.3251437627082622,0.12065296271230665,0.8107062228814221
3,9,11,2026,0.4023261803181767,0.3438515007142458,0.16209807630207132,0.9143736358548789
3,9,11,31415,0.3737876130127147,0.30488614699141015,0.38615772696672046,0.7899203267360945
3,9,42,97,0.38919859244326754,0.31178058267841546,0.20474426734362644,0.8622609870136668
3,9,42,2026,0.4358249691581466,0.30852457942241224,0.37254233112557683,0.8066831819395592
3,9,42,31415,0.4049162419870982,0.30430462783403955,0.3422344361761127,0.7850231994448792
3,9,97,2026,0.40403109906301576,0.36568986568986567,0.23585751440212327,0.8629593549942487
3,9,97,31415,0.396416310138617,0.31892671598553946,0.3147572219291546,0.8471539890670094
3,9,2026,31415,0.41307763161177724,0.37471569824511,0.2406566168882146,0.8699386534323569
3,10,11,42,0.43880239129358384,0.41084356819650936,0.30800881853925166,0.7066618676479027
3,10,11,97,0.37905172303172796,0.29164332399626514,0.12693332363451204,0.9413556730105689
3,10,11,2026,0.4184762047866687,0.39010989010989006,0.26626377532883044,0.865934065048184
3,10,11,31415,0.3772759026766277,0.34641089904247796,0.31549828212524245,0.8571438828866331
3,10,42,97,0.38716850197322333,0.3430983619064114,0.2203224094096611,0.9914799935107602
3,10,42,2026,0.4359934749983382,0.37632726750373807,0.2418268642096241,0.8344747245505157
3,10,42,31415,0.4203470766828474,0.3625428063508559,0.42064239221759947,0.7615588176552571
3,10,97,2026,0.42001149759053485,0.30809990662931835,0.2454516094305092,0.8557668049349837
3,10,97,31415,0.397865880374942,0.3059290382819795,0.21098056280823904,0.8893437484709431
3,10,2026,31415,0.3924381802746619,0.3567226890756302,0.2641331287619497,1.007656713388393
3,11,11,42,0.4128577638335043,0.3790963938022761,0.28814888610975686,0.8093847388489794
3,11,11,97,0.3679496837400173,0.30721102083331187,0.2750238923850912,0.8597192669738671
3,11,11,2026,0.4233430443011825,0.4177766677766677,0.31057874606845004,0.9041136700102919
3,11,11,31415,0.35162744107173177,0.28557282539832496,0.2788723914584527,0.9577924094638486
3,11,42,97,0.3894233274688059,0.27784225187827777,0.30760405127393575,0.938438707886711
3,11,42,2026,0.4494229914871494,0.39052940523528756,0.3414817694941615,0.82026283989469
3,11,42,31415,0.39367987044514513,0.33303023086304817,0.2992895684425653,0.8949836964034307
3,11,97,2026,0.40292429748198516,0.2942400736518384,0.19529140901172565,0.8838150486072677
3,11,97,31415,0.3732895291106482,0.30149125040765906,0.4156699823387842,1.0013092434780326
3,11,2026,31415,0.38725279396714496,0.29613875976105075,0.2057450547974342,1.0367412572751937
3,12,11,42,0.4294825485788336,0.3596988523459112,0.3889813446297439,0.7832579008391553
3,12,11,97,0.38515234120959535,0.35953697718403604,0.1934597677194445,0.7953753598960113
3,12,11,2026,0.374881322394578,0.28568010650053993,0.22528606686111735,0.9368295065287776
3,12,11,31415,0.3455781736652564,0.2627756230697407,0.2020694768285214,0.9098603401951082
3,12,42,97,0.3958848114678965,0.3179318961052707,0.28529745839542325,0.9748434481634276
3,12,42,2026,0.42713190833864717,0.36496442011147884,0.3891467515695526,0.8373583018197869
3,12,42,31415,0.40056583259779593,0.3698900500371088,0.3230810279795762,0.904642274751065
3,12,97,2026,0.3746529413565174,0.27452476717182595,0.11081239514058741,1.0547450229678217
3,12,97,31415,0.3570419174407689,0.2508169934640523,0.2760886306697991,0.9457315417638398
3,12,2026,31415,0.38783107107897613,0.33873207402619165,0.18911448797042463,1.00896434010768
