reference_topic,other_topic,seed,js_similarity,top10_jaccard
T01,T05,11,0.28886006772603956,0.1111111111111111
T02,T11,11,0.36019225505538044,0.25
T03,T08,11,0.18404147730080467,0.05263157894736842
T04,T04,11,0.2962949858614434,0.17647058823529413
T05,T10,11,0.3467199405504575,0.17647058823529413
T06,T06,11,0.3651827747892382,0.3333333333333333
T07,T03,11,0.5963480940924808,0.5384615384615384
T08,T02,11,0.5847041943403402,0.5384615384615384
T09,T09,11,0.2923753199095631,0.25
T10,T07,11,0.41648231958005555,0.25
T11,T01,11,0.697288971251784,0.6666666666666666
T01,T01,42,0.3576628494288162,0.25
T02,T04,42,0.4219392247488961,0.25
T03,T09,42,0.3225483999337029,0.25
T04,T11,42,0.36573968087725983,0.17647058823529413
T05,T10,42,0.3277735805451538,0.3333333333333333
T06,T08,42,0.18430981456612416,0.0
T07,T05,42,0.2698457856929397,0.05263157894736842
T08,T06,42,0.46430012291602696,0.3333333333333333
T09,T03,42,0.35524945496662796,0.42857142857142855
T10,T02,42,0.4040798463232028,0.17647058823529413
T11,T07,42,0.5337030375722724,0.42857142857142855
T01,T11,97,0.3666470871469868,0.25
T02,T05,97,0.46790161928686214,0.25
T03,T02,97,0.3864574726030511,0.3333333333333333
T04,T01,97,0.3186898040955499,0.3333333333333333
T05,T07,97,0.3257242345562922,0.42857142857142855
T06,T04,97,0.5267766683889014,0.6666666666666666
T07,T08,97,0.5826107890624612,0.5384615384615384
T08,T06,97,0.4271768431726518,0.25
T09,T09,97,0.24670495443538687,0.05263157894736842
T10,T10,97,0.23654793186835843,0.1111111111111111
T11,T03,97,0.710729587631832,0.6666666666666666
T01,T01,2026,1.0,1.0
T02,T02,2026,1.0,1.0
T03,T03,2026,1.0,1.0
T04,T04,2026,1.0,1.0
T05,T05,2026,1.0,1.0
T06,T06,2026,1.0,1.0
T07,T07,2026,1.0,1.0
T08,T08,2026,1.0,1.0
T09,T09,2026,1.0,1.0
T10,T10,2026,1.0,1.0
T11,T11,2026,1.0,1.0
T01,T08,31415,0.31838206690207216,0.25
T02,T02,31415,0.4916202404153285,0.3333333333333333
T03,T03,31415,0.42230521388226827,0.3333333333333333
T04,T10,31415,0.19824923700718133,0.05263157894736842
T05,T04,31415,0.3424573023373826,0.17647058823529413
T06,T06,31415,0.5197670214606691,0.6666666666666666
T07,T09,31415,0.4506321366407524,0.42857142857142855
T08,T05,31415,0.4677113342374194,0.42857142857142855
T09,T11,31415,0.2928401910660152,0.1111111111111111
T10,T07,31415,0.49192457672230516,0.3333333333333333
T11,T01,31415,0.6043658841485509,0.42857142857142855
