topic,seed,mean_document_prevalence
T01,11,0.041741028958662364
T02,11,0.07403323516606498
T03,11,0.021234007342356517
T04,11,0.1073701256319788
T05,11,0.047968161741015654
T06,11,0.08799416194862873
T07,11,0.11684432447154368
T08,11,0.1106240805954537
T09,11,0.08193647325398992
T10,11,0.04431196509175685
T11,11,0.26594243579854876
T01,42,0.08261229300168492
T02,42,0.1685531358199093
T03,42,0.03325679313547299
T04,42,0.07613384018800254
T05,42,0.032753627047706936
T06,42,0.07245603529287133
T07,42,0.04027840406712721
T08,42,0.09223263890233131
T09,42,0.054173907521403136
T10,42,0.10172760860338317
T11,42,0.24582171642010722
T01,97,0.028185809063119044
T02,97,0.07036629792322506
T03,97,0.05924748973934508
T04,97,0.04259866326240255
T05,97,0.05252892938478683
T06,97,0.08621266325752146
T07,97,0.11978279936832494
T08,97,0.15989042002023676
T09,97,0.03999687003908231
T10,97,0.11142550665932908
T11,97,0.22976455128262693
T01,2026,0.02972401733878139
T02,2026,0.14390719952749403
T03,2026,0.06170852926822192
T04,2026,0.032502053075975854
T05,2026,0.07567458418013732
T06,2026,0.08863114641786972
T07,2026,0.09648541859125993
T08,2026,0.08573743468445287
T09,2026,0.0319745734386825
T10,2026,0.07185549130041423
T11,2026,0.2817995521767102
T01,31415,0.02379349104369908
T02,31415,0.0978037530791622
T03,31415,0.05451329131926539
T04,31415,0.06699648330690029
T05,31415,0.2457136971091224
T06,31415,0.07065923845640655
T07,31415,0.07866244801093204
T08,31415,0.05459991231558752
T09,31415,0.028797641306909053
T10,31415,0.09299099337399949
T11,31415,0.18546905067801597
