term,total_count,document_frequency,document_percent,frequency_per_10000_tokens,mean_document_frequency_per_10000_tokens
metaverse,5450,65,100.0,217.16867829946963,230.6631519257816
user,2769,64,98.46153846153847,110.33762756169384,113.45624669734867
nft,2514,51,78.46153846153847,100.17652426511314,106.60419079622017
blockchain,2084,63,96.92307692307692,83.04211478460454,89.54191551401105
data,1862,63,96.92307692307692,74.1959777969931,67.90451662043813
transaction,1316,61,93.84615384615384,52.43926250313799,63.980582505932766
security,1144,60,92.3076923076923,45.585498710934544,52.87466769897765
model,1191,57,87.6923076923077,47.45832951461804,46.06608452616983
technology,1034,63,96.92307692307692,41.20227768103699,41.536128271685705
platform,950,62,95.38461538461539,37.85509071275159,38.65244545885051
