topic,suggested_label,label_status,raw_top10,display_top10,selected_probability_mass,mean_document_prevalence,c_v,c_npmi,representative_documents
T01,trust / empowered metaverse / equality,provisional; human interpretation pending,"trust, study, metaverse, model, research, consumer, empowered_metaverse, relationship, dimension, equality","trust, empowered_metaverse, equality, level_digital, dimension, consumer, uae, cronbach_alpha, theoretical, relationship",0.10208708015776852,0.029724017338781394,0.5843238435550382,0.08191794601493632,"D1a5520aa7ae7, D5df71bcd7569, Ddef784be4369"
T02,data / attack / authentication,provisional; human interpretation pending,"model, data, user, metaverse, based, attack, using, method, network, authentication","data, attack, authentication, accuracy, user, device, detection, technique, pattern, training",0.07387649879335571,0.14390719952749403,0.41352681838894145,0.010670597940429722,"D1f315032455a, D7d7f6f621da1, Dc3ba77443e3f"
T03,player / game / financial sector,provisional; human interpretation pending,"study, player, research, game, analysis, data, article, financial, technology, cryptocurrency","player, game, financial_sector, publication, financial, scientific, review, cluster, stage, financial_innovation",0.06646910907891475,0.06170852926822192,0.3914688055551064,-0.0002874661850281611,"D5d212714e9a4, D2ddae8e6696b, D4bfedf8b0798"
T04,reputation / virtual entity / digital medium,provisional; human interpretation pending,"transaction, reputation, blockchain, cost, ethereum, trust, time, value, virtual_entity, based","reputation, virtual_entity, digital_medium, equation, rating, ipfs, cost, average, trust_value, gas",0.09217382600049218,0.03250205307597585,0.43000499872328496,0.01112856426918936,"D6bbb4f6b30f4, D514e784e1e1b, D524a4f047a09"
T05,user / dao / resident,provisional; human interpretation pending,"metaverse, user, data, information, application, avatar, service, platform, dao, asset","user, dao, resident, data, privacy_policy, urban, avatar, law, party, service",0.08543579948325349,0.07567458418013731,0.4191389778326525,-0.01733871196387251,"De11ad817ca1d, D28078c8a10cc, D21cf0acb1a9a"
T06,nft / ownership / participant,provisional; human interpretation pending,"nft, platform, ownership, user, participant, work, value, creator, art, digital_asset","nft, ownership, participant, creator, art, artist, platform, buyer, digital_asset, artwork",0.15724797200005253,0.0886311464178697,0.5256705844780243,0.05353788104110387,"Dfed6d84a0e4f, D78df4a50ef94, D1c167b303ed0"
T07,protocol / smart contract / user,provisional; human interpretation pending,"user, blockchain, protocol, smart_contract, transaction, token, using, chain, message, block","protocol, smart_contract, user, token, message, chain, block, transaction, swap, adversary",0.12897334125963061,0.09648541859125996,0.5027170358229675,0.02922515140549276,"D569a973fcbb6, D1095d64c71c1, Da6361d07d275"
T08,crypto / cryptocurrency / crime,provisional; human interpretation pending,"crypto, cryptocurrency, risk, financial, transaction, crime, criminal, wallet, project, market","crypto, cryptocurrency, crime, criminal, scam, risk, financial, wallet, project, defi",0.09036827208475941,0.08573743468445293,0.6046070011218371,0.07810855944293708,"Ddc6958bc957f, Dfdc0a7ab21ac, D6cf278e5b911"
T09,return / price / trading volume,provisional; human interpretation pending,"nft, metaverse, return, value, market, price, game, token, relationship, respondent","return, price, trading_volume, respondent, market, game, sand, nft, value, yes",0.10365307393105909,0.0319745734386825,0.45119515432126656,0.025995324025349667,"D2590938a004e, D6baa23748f4c, D1c167b303ed0"
T10,attribute / node / image,provisional; human interpretation pending,"data, network, attribute, node, blockchain, image, encryption, proposed, based, algorithm","attribute, node, image, bitcoin_network, encryption, network, decryption, scheme, abe, committee",0.07227051126866331,0.07185549130041426,0.4623673726576484,0.028412989565624883,"De395cd4ff88c, D39a7eeed7aaa, Dfd64df1a4eaf"
T11,security / user / virtual world,provisional; human interpretation pending,"metaverse, blockchain, user, technology, digital, virtual, security, challenge, platform, decentralized","security, user, virtual_world, decentralized, platform, experience, virtual_environment, interaction, secure, digital_asset",0.05504390815660491,0.28179955217671027,0.494501196086341,0.027573910734507177,"Db1ac098543ec, Dfb76bf848dd2, D957f80b1f6a0"
