topic,term,raw_rank,p_word_given_topic,exclusivity,lift_vs_corpus,display_rank,normalized_weight_within_display_top10,display_score,display_hidden
T01,trust,1,0.02984898070526955,0.6657287047367159,15.384023423524683,1.0,0.2923874466694514,-1.0136309398220928,False
T01,empowered_metaverse,7,0.01001977534382169,0.9945438336173035,32.10293307991049,2.0,0.09814929889597018,-1.2743378029447765,False
T01,equality,10,0.008701760969480969,0.9781960080110718,31.51208973823339,3.0,0.08523861154646602,-1.4663894087461766,False
T01,level_digital,15,0.006884282691581761,0.9991794983485968,33.579037702994356,4.0,0.0674353961435921,-1.4815478041192618,False
T01,dimension,9,0.008756392971508351,0.8996243764375159,25.673765753461222,5.0,0.08577376253661043,-1.544594858948704,False
T01,consumer,6,0.010684992365593178,0.8085371210528759,15.722640140510522,6.0,0.10466547137091453,-1.6213083745177181,False
T01,uae,14,0.006988965699898622,0.9678524839400359,25.69917441087389,7.0,0.06846082471060647,-1.6794700744176172,False
T01,cronbach_alpha,35,0.0045017199450239145,0.9987457874922766,33.54537414602066,8.0,0.04409686258111034,-1.736817857331234,False
T01,theoretical,18,0.0065297318157021,0.728556754942773,19.523639948164675,9.0,0.06396237217883842,-1.8301832291226776,False
T01,relationship,8,0.009170477649888377,0.45617458056167776,10.72547907263851,10.0,0.08982995336644009,-1.8660106904130038,False
T02,data,2,0.018484651317119353,0.23835558093390913,2.595282382414877,1.0,0.2502101699327124,-2.013010598439885,False
T02,attack,6,0.008188420918504608,0.37219330942552986,3.5305095474517034,2.0,0.11083932038264184,-2.378443640150774,False
T02,authentication,10,0.006051425513775771,0.6860713780583997,4.944068986744231,3.0,0.08191272749271143,-2.4252013780743176,False
T02,accuracy,20,0.004444821793897972,0.7402433358134992,6.308739677275226,4.0,0.060165571819136204,-2.5128349323425585,False
T02,user,3,0.013371841932879065,0.13960153901939198,1.1964785008647252,5.0,0.18100264835617383,-2.5170094148083817,False
T02,device,13,0.005424323843948115,0.6352158003552522,4.5134260999678215,6.0,0.07342421382367903,-2.527294601625432,False
T02,detection,23,0.004236296495969694,0.8383363408177072,5.9771319234715365,7.0,0.05734295161739171,-2.563263179038178,False
T02,technique,15,0.005258434641043936,0.5055329866173416,4.072064255758618,8.0,0.07117872025517359,-2.587093112359698,False
T02,pattern,25,0.0041344979748455515,0.6127492354980629,5.641973569972797,9.0,0.05596499620820416,-2.6009400487503944,False
T02,training,22,0.004281784361371658,0.8253280215405189,5.236649514756663,10.0,0.05795868011217597,-2.6097585143463555,False
T03,player,2,0.01774579928229032,0.929918799050772,14.506837722994495,1.0,0.2669781426018785,-1.3491158285823723,False
T03,game,4,0.011846641534371467,0.4373947496985045,7.42949491613466,2.0,0.17822777676027923,-1.859243368861693,False
T03,financial_sector,19,0.0042843825998612525,0.998516602866185,16.181326434315814,3.0,0.06445674779204073,-2.0581241375593806,False
T03,publication,12,0.005325141897300396,0.7518117222052721,10.949798762402473,4.0,0.08011453697954905,-2.183861120924458,False
T03,financial,8,0.008076455448773582,0.35790922947291265,4.280164955698548,5.0,0.12150690088511486,-2.309684690907615,False
T03,scientific,37,0.003291070858151105,0.9925498184301749,15.773530582266643,6.0,0.04951278727451899,-2.3265920647872944,False
T03,review,11,0.005668203341829333,0.6057625097830494,6.607782385791936,7.0,0.08527575320890518,-2.3484306079340698,False
T03,cluster,38,0.0031682691285814194,0.9268478816688924,14.94394386898545,8.0,0.04766528651406965,-2.371019463705053,False
T03,stage,16,0.004614664087592412,0.5709227677272539,8.200610406716427,9.0,0.06942569490609089,-2.3854262839209324,False
T03,financial_innovation,60,0.0024484809001634657,0.9974072169575009,16.163460448065017,10.0,0.03683637307755295,-2.3942712257652565,False
T04,reputation,2,0.015330452542238252,0.9322893675666675,24.841102049779806,1.0,0.16632110445492837,-1.2217485910897712,False
T04,virtual_entity,9,0.010868908599909948,0.994709992148198,30.395395328620065,2.0,0.11791751597521744,-1.247392941614713,False
T04,digital_medium,13,0.009548419719948652,0.9993859617328926,30.728473939881056,3.0,0.10359144384326269,-1.320751881664261,False
T04,equation,15,0.008897658319412631,0.8918412187981474,23.068300779678637,4.0,0.09653128990615102,-1.5777965224268062,False
T04,rating,19,0.007577497749701733,0.9783263889558862,29.028690631493024,5.0,0.08220877963405003,-1.5822294783858806,False
T04,ipfs,25,0.006809249458388737,0.9860762654749006,29.341471965161205,6.0,0.07387400256502728,-1.6420832496769706,False
T04,cost,4,0.013499640143717895,0.6126698098313086,10.29067428314765,7.0,0.14645849835555066,-1.6505601196676452,False
T04,average,18,0.007828726137417764,0.7962478502962419,22.341516535705928,8.0,0.08493437320672749,-1.6673946130571455,False
T04,trust_value,39,0.005329841073766726,0.9989004837358548,30.697822573666105,9.0,0.057823802103411294,-1.6709836246766598,False
T04,gas,28,0.006483432255989829,0.9231237019643646,25.917827284985666,10.0,0.07033918995567363,-1.7211307261897695,False
T05,user,2,0.023239593194082593,0.2426205000300955,2.0794198559281973,1.0,0.2720123570522431,-1.9643031352695282,False
T05,dao,9,0.0067186239206610465,0.8293396594910876,10.637207992066967,2.0,0.07863944577446112,-2.0559799343890606,False
T05,resident,17,0.00497738465772919,0.9709114440215865,13.053957821591299,3.0,0.058258770770967284,-2.1540738693610395,False
T05,data,3,0.015619159529746013,0.201405684074986,2.1929615474074526,4.0,0.182817503016491,-2.181452991983676,False
T05,privacy_policy,27,0.003806364672820034,0.9982934158881442,13.196493366590968,5.0,0.044552338666487584,-2.2106679635707236,False
T05,urban,26,0.004180838027539626,0.9862077929335923,13.015058664205775,6.0,0.04893543517854157,-2.259903322142872,False
T05,avatar,6,0.008896007045990445,0.43726192534899266,3.690911356380691,7.0,0.10412505179089682,-2.310942286617618,False
T05,law,18,0.00493992793967402,0.793921689164072,7.964151949749854,8.0,0.05782035129948435,-2.356262534760827,False
T05,party,11,0.0056267644313578915,0.5495327612756205,6.247448567561883,9.0,0.065859563150232,-2.375263161551235,False
T05,service,7,0.0074311360636526245,0.33255903240571566,3.474616021462129,10.0,0.08697918330019516,-2.443052327623536,False
T06,nft,1,0.08892214191643309,0.7595619475352555,9.219312104956392,1.0,0.5654899124320878,-0.5634762909170515,False
T06,ownership,3,0.010814738129285057,0.7101423234219689,6.513890328728566,2.0,0.06877505631221396,-1.966532511928492,False
T06,participant,5,0.01005245962016925,0.4860785518261202,6.635277368405708,3.0,0.0639274357075072,-2.0030025733613916,False
T06,creator,8,0.007025515048270925,0.9470983697651045,10.885582968058351,4.0,0.04467793739348561,-2.0199483498768815,False
T06,art,9,0.006728344524388728,0.9152674549223441,9.983695194299354,5.0,0.04278811636684561,-2.0804743773466523,False
T06,artist,11,0.006104490033166859,0.9861097046442704,11.051513573138543,6.0,0.038820787037970955,-2.0982114671243037,False
T06,platform,2,0.013095896675504013,0.3889525157612847,3.497987477636413,7.0,0.08328181603193992,-2.100398678541296,False
T06,buyer,14,0.0046631416262965355,0.7537484231635143,9.831297562185455,8.0,0.029654701214811074,-2.30661116328859,False
T06,digital_asset,10,0.00664702747165638,0.5686020430320982,4.077703634818497,9.0,0.042270990125418975,-2.345937714449597,False
T06,artwork,25,0.0031942169548816895,0.9979550942242995,11.267200994264833,10.0,0.020313247377718946,-2.479089608151792,False
T07,protocol,3,0.019272668744327107,0.8539615087756895,8.142166122010117,1.0,0.14943141393483897,-1.530617887190854,False
T07,smart_contract,4,0.018473952566397386,0.5634935479198186,5.685788790337585,2.0,0.14323853585531507,-1.599648158250244,False
T07,user,1,0.02739301220688888,0.28598204208919464,2.451057254788441,3.0,0.21239282427943926,-1.7998726106195324,False
T07,token,6,0.014124502085811716,0.4439758691696354,5.811361586795179,4.0,0.10951489624028811,-1.8519805936013944,False
T07,message,9,0.007710025477695155,0.7904423473699047,8.976569102185236,5.0,0.05977999331020229,-2.041293172379264,False
T07,chain,8,0.00864354916106234,0.6347115007889026,6.953780023922416,6.0,0.06701810681683734,-2.074851038767429,False
T07,block,10,0.007526425842512231,0.6981950097631383,7.755918786951369,7.0,0.058356446138439655,-2.114218496806684,False
T07,transaction,5,0.014271088205655239,0.22128198003891358,2.653682212068978,8.0,0.11065145762895863,-2.1593324794704793,False
T07,swap,19,0.005709072356736096,0.9988611952090516,10.357060426857238,9.0,0.04426552263419625,-2.164351855161775,False
T07,adversary,18,0.005849044612544456,0.7318533039676632,8.101778041065572,10.0,0.045350803161484356,-2.2480527475695258,False
T08,crypto,1,0.014264295416712734,0.9701075802884085,11.355651866171815,1.0,0.15784627820850416,-1.5781111800862715,False
T08,cryptocurrency,2,0.014078693485635578,0.5204567723729024,6.417307394684984,2.0,0.15579243866066958,-1.8142561865435427,False
T08,crime,6,0.008928511397814998,0.9992756066836244,11.657656225154113,3.0,0.09880139557654317,-1.8487180965104115,False
T08,criminal,7,0.0072639677215937115,0.9991097591851726,11.656314125585618,4.0,0.08038183705427714,-1.9725582414958591,False
T08,scam,14,0.006115359934578237,0.9868021370943143,11.41908090888299,5.0,0.06767153773663435,-2.0840567023256993,False
T08,risk,3,0.010125788396912732,0.5143080058334382,5.01980568980493,6.0,0.11205026015563757,-2.1102453912977976,False
T08,financial,4,0.009685915387120403,0.42923266709414093,5.133107693933905,7.0,0.10718269989754436,-2.127964976751464,False
T08,wallet,8,0.007085698613835836,0.5630973441664266,7.5241652270327215,8.0,0.07840914128788391,-2.1625581351609524,False
T08,project,9,0.007076419638824277,0.7774604953155,7.1748457169403155,9.0,0.07830646172128938,-2.182359816530756,False
T08,defi,16,0.005743622091730903,0.6333627530860607,8.322709327433348,10.0,0.0635579497010164,-2.2482040078819714,False
T09,return,3,0.013519642434954383,0.7520631956158377,17.225191678472957,1.0,0.1304316594020787,-1.4436178155971786,False
T09,price,6,0.01144809260867664,0.753917465988583,17.29444144401297,2.0,0.11044624316969996,-1.5418052299280685,False
T09,trading_volume,13,0.00551483544593461,0.9882372746278283,30.325562107214598,3.0,0.05320474576183426,-1.6553916822575114,False
T09,respondent,10,0.006153277971343711,0.7476164560147581,23.7843924428754,4.0,0.05936416295223748,-1.7868503670739526,False
T09,market,5,0.012598730622994936,0.49636997054669885,7.9077521526110734,5.0,0.1215471007774888,-1.7973581031966606,False
T09,game,7,0.011165371596579843,0.41224130067644016,7.002243739110944,6.0,0.10771867319637879,-1.9184706144408494,False
T09,sand,24,0.004037178133579485,0.9985595604465992,31.180356425219514,7.0,0.03894894748866455,-1.9314102697981386,False
T09,nft,1,0.02219774431851928,0.1896103888422898,2.3014282887019863,8.0,0.2141542308073108,-1.9512467914100013,False
T09,value,4,0.012946328384882824,0.2604399682092065,4.64680227128973,9.0,0.12490057355649271,-1.993694112286587,False
T09,yes,23,0.004071872413593369,0.8744698638006692,26.09017365303398,10.0,0.039283662887813826,-1.9975678976837927,False
T10,attribute,3,0.011082406340750944,0.6462345059380584,9.293332736310864,1.0,0.15334617323450853,-1.8097189722919766,False
T10,node,4,0.011023540918261182,0.5440850693420773,6.684364385691151,2.0,0.1525316581375981,-1.944724875509725,False
T10,image,6,0.008786149889962371,0.6924044740938338,8.33976198927409,3.0,0.12157309718344375,-1.9923333330868154,False
T10,bitcoin_network,19,0.005222035472045739,0.998758088000136,13.902247817878477,4.0,0.07225679437402885,-2.000100593320346,False
T10,encryption,7,0.007259513546668505,0.8832572685741794,10.525442634942138,5.0,0.10044917932960923,-2.0137473004846393,False
T10,network,2,0.011178318290557066,0.30758382128548234,3.1949659710423566,6.0,0.1546732975086066,-2.2316369714519437,False
T10,decryption,26,0.0042799259307511025,0.941845215494714,13.071014722681511,7.0,0.0592209167421082,-2.244132880396444,False
T10,scheme,12,0.006384750789436469,0.5175433543243464,6.155973803578785,8.0,0.0883451725656314,-2.305336508317349,False
T10,abe,39,0.0034815181403761546,0.9981383740593821,13.894973747373172,9.0,0.0481734261908529,-2.3435612303196844,False
T10,committee,38,0.0035723519498537795,0.932472938299332,13.102349577141648,10.0,0.049430284733612516,-2.351602025913155,False
T11,security,7,0.008760203350437309,0.2818163566337798,1.8631385665180957,1.0,0.15914937081708908,-2.5936167096631104,False
T11,user,3,0.0119926934063948,0.12520327901901546,1.0730757886788802,2.0,0.21787503482264559,-2.625862980999329,False
T11,virtual_world,15,0.0046158797231654475,0.5872578248570224,3.0222047521242437,3.0,0.08385813939723995,-2.684557037812701,False
T11,decentralized,10,0.0057995198118618065,0.2741608543768251,2.27631929195606,4.0,0.10536170134143903,-2.760964176400048,False
T11,platform,9,0.006105622174519698,0.181339022742093,1.6308459389114065,5.0,0.11092275928425448,-2.863487614145605,False
T11,experience,21,0.0037445774243824803,0.31121889889865356,2.4936559896742017,6.0,0.06802891636489215,-2.9869679423686932,False
T11,virtual_environment,40,0.0027214051583210014,0.6422677722082216,3.0100622567774407,7.0,0.049440623848480324,-3.0031798531013645,False
T11,interaction,16,0.004126103920566353,0.17119007680979106,2.035556853399722,8.0,0.07496022827498391,-3.0099452389362362,False
T11,secure,19,0.003823889980300122,0.33377147342311747,2.2054056356774643,9.0,0.06946981252531721,-3.0235276515339704,False
T11,digital_asset,25,0.0033540132066558963,0.2869100165138853,2.0575621061186746,10.0,0.06093341332365835,-3.0299498714641184,False
