threat_environment,modelling_layer,analytical_signal,intervention_points,linked_document_count,topic_links
"Scam, fraud, and social-deception laundering opportunities","Opportunity-formation layer: anonymity, deception, fragmented controls",Scam campaign and social-engineering signals,"Scam-campaign monitoring and user harm response; Investigation, evidence preservation, and case escalation; Marketplace behaviour monitoring and scam suppression",12,T6; T5; T4
"Avatar, identity, biometric, and account takeover abuse","Identity-access layer: accounts, avatars, biometrics, credentials",Avatar/account anomaly signals,"Risk-based onboarding and identity assurance; Authentication, key custody, and access-control monitoring; Investigation, evidence preservation, and case escalation",16,T2; T7
"NFT, gaming, and virtual-property value manipulation","Asset-market layer: NFTs, tokens, game items, virtual property","NFT wash-trade, provenance, and value-anomaly signals",NFT/token provenance and asset-origin review; Marketplace behaviour monitoring and scam suppression; Virtual-asset valuation and wash-trade anomaly review,28,T1; T5
"Wallet, exchange, off-ramp, and cross-chain laundering exposure","Transaction-flow layer: wallets, payments, bridges, exchanges","Wallet clustering, mixer, bridge, and off-ramp exposure signals","Wallet, bridge, mixer, and cross-chain analytics; Exchange/off-ramp due diligence and reporting; Investigation, evidence preservation, and case escalation",24,T6; T3
"DeFi, smart-contract, DAO, and governance-control misuse","Governance-control layer: DAOs, contracts, rules, jurisdiction","Smart-contract, DAO, treasury, and permission-risk signals","Smart-contract, DAO, and governance audit controls; Wallet, bridge, mixer, and cross-chain analytics; NFT/token provenance and asset-origin review",35,T6; T1; T3
"Privacy, data protection, and traceability gaps","Identity-access layer: accounts, avatars, biometrics, credentials","Privacy, encryption, and traceability-loss signals","Authentication, key custody, and access-control monitoring; Privacy-by-design controls with auditability; Investigation, evidence preservation, and case escalation",10,T2; T7; T4
"Digital payment, trust, fraud-detection, and Sybil-risk environment","Transaction-flow layer: wallets, payments, bridges, exchanges","Payment, fraud-detection, trust, and Sybil signals","Digital-payment fraud controls and trust scoring; Wallet, bridge, mixer, and cross-chain analytics; Exchange/off-ramp due diligence and reporting",5,T3; T4
"Cyberattack, malware, platform-security, and infrastructure compromise","Platform affordances: avatars, immersion, persistence, social presence","Cyberattack, malware, and platform compromise signals","Platform security monitoring and vulnerability response; Authentication, key custody, and access-control monitoring; Investigation, evidence preservation, and case escalation",36,T2; T7
"Platform governance, jurisdictional, and legal accountability gaps","Governance-control layer: DAOs, contracts, rules, jurisdiction","Legal, compliance, and cross-jurisdiction signals","Smart-contract, DAO, and governance audit controls; Exchange/off-ramp due diligence and reporting; Investigation, evidence preservation, and case escalation",12,T1; T5
