variant,seed,documents,training_units,iterations,converged,matched_js_to_reference,matched_top10_jaccard,document_topic_l1_mean,max_prevalence_change_percentage_points,alpha,eta,comparison,c_v_full_corpus_reference,c_npmi_full_corpus_reference
whole_document_units,11,65,65,124,True,0.40853992792237465,0.33524022026695827,1.0129515807243268,12.970240945134767,0.09090909090909091,0.01,Same normalized vocabulary; model structure and aligned prevalence on the same subset; no cross-unit ELBO comparison.,0.4483047202017205,0.020195666666280948
whole_document_units,42,65,65,128,True,0.37330916670340775,0.3007485290767024,1.1411029192772073,10.914816028642957,0.09090909090909091,0.01,Same normalized vocabulary; model structure and aligned prevalence on the same subset; no cross-unit ELBO comparison.,0.43952414619099595,0.014584354571270376
whole_document_units,97,65,65,87,True,0.39352850067247097,0.28405907817672527,1.0560751446142376,10.83071829136305,0.09090909090909091,0.01,Same normalized vocabulary; model structure and aligned prevalence on the same subset; no cross-unit ELBO comparison.,0.47129272633372443,0.0248661022288562
chunks_200,11,65,1309,102,True,0.3966486748577296,0.3182405829464653,0.8213275144754062,8.31352603320228,0.09090909090909091,0.01,Same normalized vocabulary; model structure and aligned prevalence on the same subset; no cross-unit ELBO comparison.,0.4554155753678927,0.021058012307797642
chunks_200,42,65,1309,88,True,0.3438644355742709,0.2012763638150635,0.9966353719122023,15.923247415074668,0.09090909090909091,0.01,Same normalized vocabulary; model structure and aligned prevalence on the same subset; no cross-unit ELBO comparison.,0.4518260917464183,0.0255428399485534
chunks_200,97,65,1309,112,True,0.3796756912475564,0.35492611963200194,0.8329837986178504,9.006534724159138,0.09090909090909091,0.01,Same normalized vocabulary; model structure and aligned prevalence on the same subset; no cross-unit ELBO comparison.,0.4774427756083948,0.034901229682064
chunks_800,11,65,364,88,True,0.4125374564580621,0.3703342112433022,0.7354870870742635,9.558851456590697,0.09090909090909091,0.01,Same normalized vocabulary; model structure and aligned prevalence on the same subset; no cross-unit ELBO comparison.,0.47701088542600567,0.03361990876725038
chunks_800,42,65,364,95,True,0.35730192640419234,0.30126409538174237,1.0603368202537342,11.764194364274841,0.09090909090909091,0.01,Same normalized vocabulary; model structure and aligned prevalence on the same subset; no cross-unit ELBO comparison.,0.4482926662954091,0.019408538157709664
chunks_800,97,65,364,101,True,0.4200533904757705,0.31157619470312964,0.801625475031162,10.257226815315285,0.09090909090909091,0.01,Same normalized vocabulary; model structure and aligned prevalence on the same subset; no cross-unit ELBO comparison.,0.42589852088417446,0.00813621085055975
uncapped_training_chunks,11,65,688,119,True,0.4025900364052352,0.3039642675865586,0.7825923137255758,7.4868072556002945,0.09090909090909091,0.01,Same normalized vocabulary; model structure and aligned prevalence on the same subset; no cross-unit ELBO comparison.,0.44882706806448475,0.015213852818127243
uncapped_training_chunks,42,65,688,93,True,0.36428652705191117,0.2435802072024982,0.9393036679326361,5.620701452413275,0.09090909090909091,0.01,Same normalized vocabulary; model structure and aligned prevalence on the same subset; no cross-unit ELBO comparison.,0.4463678238875471,0.011451056888567736
uncapped_training_chunks,97,65,688,95,True,0.4178151811134849,0.3527977870083133,0.7673256675525728,7.415298533578383,0.09090909090909091,0.01,Same normalized vocabulary; model structure and aligned prevalence on the same subset; no cross-unit ELBO comparison.,0.44118337069695923,0.01895061131012823
alpha_0_1,11,65,688,105,True,0.40240206289410063,0.3039642675865586,0.7830720143689974,7.427444124001786,0.1,0.01,Same normalized vocabulary; model structure and aligned prevalence on the same subset; no cross-unit ELBO comparison.,0.4502789702912457,0.015109397325207469
alpha_0_1,42,65,688,93,True,0.3623533176258168,0.23763843655484518,0.9419456000202445,5.629587137428367,0.1,0.01,Same normalized vocabulary; model structure and aligned prevalence on the same subset; no cross-unit ELBO comparison.,0.44976386251252304,0.01631577501482149
alpha_0_1,97,65,688,80,True,0.4173645323354197,0.3527977870083133,0.7685099691912742,7.504798056389096,0.1,0.01,Same normalized vocabulary; model structure and aligned prevalence on the same subset; no cross-unit ELBO comparison.,0.4383265925033104,0.018026160495618792
eta_0_1,11,65,688,74,True,0.4101038383525897,0.3051213492389963,0.7703728024624332,7.9029101067929055,0.09090909090909091,0.1,Same normalized vocabulary; model structure and aligned prevalence on the same subset; no cross-unit ELBO comparison.,0.4412771552155472,0.01191646162389955
eta_0_1,42,65,688,63,True,0.3747918132268151,0.24432292853345483,0.9516249373691846,6.183485564698935,0.09090909090909091,0.1,Same normalized vocabulary; model structure and aligned prevalence on the same subset; no cross-unit ELBO comparison.,0.44246273159733945,0.011563656826144485
eta_0_1,97,65,688,61,True,0.4279405648411148,0.3546176046176046,0.7803960196442188,7.75680765810637,0.09090909090909091,0.1,Same normalized vocabulary; model structure and aligned prevalence on the same subset; no cross-unit ELBO comparison.,0.423704441489263,0.012759062192510084
