snapshot_path,source_path_rel_to_CHBR_revision_sync_20260922,source_sha256,snapshot_sha256,snapshot_bytes,transformation,note
DEPENDENCIES_AND_VERSIONS.md,"incoming/Electronic_Supplement_A1/{environment_versions.json,requirements-resolved.txt}; qwen_65docs/qwen/run_record.json; qwen_65docs/preflight/run_info_65.json",n/a (new record),c6b310daf4888b31d3d055d9f2cfa6cc7dec722d6f7e5b23f591004f700891e9,2606,new,versions copied from recorded files
graph/code/01_build_decision_records.py,qwen_65docs/graph_65docs_k11_20261001/code/01_build_decision_records.py,b04713d561af1cc5fb66a135e0ef7c251ceed2993540d66316f63fcb4b345359,d78b16a7692aeb4947166ca957dd4f734c401edea75ca7de1a05ee2437aea78f,26609,path_param+anonymised,absolute server paths replaced by environment variables; author first names in one provenance string replaced by reviewer codes
graph/code/02_build_graph_k11_65docs.py,qwen_65docs/graph_65docs_k11_20261001/code/02_build_graph_k11_65docs.py,52b94754d364d0903fad5a40e3e28860f9254e8da38b171499e187b7593205ff,ca09598c5f07ceff7238ae10370de4e0d781d5a73d54a5edb2cadf834ce4d249,58558,path_param,absolute server paths replaced by environment variables
graph/code/03_validate_graph.py,qwen_65docs/graph_65docs_k11_20261001/code/03_validate_graph.py,e56829a86230578dc723f276dd6cc68a3ce68af470aa409c4eb4c6131e2ac5ad,216aed40572d43e0bdab9262fd91d93786b4a4c667b3a649459e03c11c56c582,14383,path_param,absolute server paths replaced by environment variables
graph/code/04_make_paper_figures.py,qwen_65docs/graph_65docs_k11_20261001/code/04_make_paper_figures.py,bc8ec0a8ae621d2a4b7162cc92c1e35e1f3c2ce92855aa1e4e4e3eb92d5dec3c,bc8ec0a8ae621d2a4b7162cc92c1e35e1f3c2ce92855aa1e4e4e3eb92d5dec3c,8499,verbatim,
graph/code/05_rerun_check.py,qwen_65docs/graph_65docs_k11_20261001/code/05_rerun_check.py,8eff57277c74d6336374c42f29b6086f5ad24d7e03583e04ef66e695bfb03d33,14bf13597271fb3ede37221257e87ea27b15af4abaa6def2c1abff80ea8e2f9c,3649,path_param,absolute server paths replaced by environment variables; CHBR_* variables passed on to child steps
graph/code/06_recheck_three_pdfs.py,qwen_65docs/graph_65docs_k11_20261001/code/06_recheck_three_pdfs.py,2e29eff733946f91a012f9285debb214089267fdffb75d510f9f4f866898847a,89abdad98ea2581e7604229d7107a2381f3fb7a2953bab6eacd42d868d958cfa,3927,path_param,absolute server paths replaced by environment variables
graph/code/07_rule_layer_consistency.py,qwen_65docs/graph_65docs_k11_20261001/code/07_rule_layer_consistency.py,bf151c3efa0817521be51e6b682c2017c02ba66cfe90a42f616981a311bbd640,8d741faa6e166c8cf13329f1266981cffd08f51a87c96052a505694bef2660c6,4340,path_param,absolute server paths replaced by environment variables
graph/decisions/input_consistency_check.json,qwen_65docs/graph_65docs_k11_20261001/decisions/input_consistency_check.json,5960d02dd04f74d0638f6c70b0c95dde0de914e29c9ddba633509773a0774772,5960d02dd04f74d0638f6c70b0c95dde0de914e29c9ddba633509773a0774772,5087,verbatim,
graph/decisions/k11_approved_edges_24.csv,qwen_65docs/graph_65docs_k11_20261001/decisions/k11_approved_edges_24.csv,d03225206e66d604cb754abe449c0fedb66fb076e528e6bb15cbf6bf978c7c10,95a4eff3346ff9854d4a0f00b81332431f503b1b5ee1253ce039abead0792dbf,11788,redacted,author first names replaced by consistent reviewer codes (key kept internally); no other change
graph/decisions/k11_topic_threat_decisions_34.csv,qwen_65docs/graph_65docs_k11_20261001/decisions/k11_topic_threat_decisions_34.csv,ef0bc12b918ddaad6c682a3956f589cb09974bf96d5690bcd6e12c05bab156d2,5c5b5d236c5ea39af025bc30e217efc864ca4d8351604228e8fad207b08c20f7,15426,redacted,author first names replaced by consistent reviewer codes (key kept internally); no other change
graph/decisions/k11_topic_threat_decisions_34.json,qwen_65docs/graph_65docs_k11_20261001/decisions/k11_topic_threat_decisions_34.json,2d8be8d7a1477bc1a0080f466fe051792fa2ede9a7311c89ea7cc051e5f28cba,74bf3c68a4bb4d219c2ad4c72268b5f4a16429f179e6a157c0d34fb5cb3805e3,47109,redacted,author first names replaced by consistent reviewer codes (key kept internally); no other change
graph/decisions/k11_topics.json,qwen_65docs/graph_65docs_k11_20261001/decisions/k11_topics.json,13bbcb9987cc454a483d7203ddea7a1536212bd1cbdb3efa18bd37b81e33c8b4,13bbcb9987cc454a483d7203ddea7a1536212bd1cbdb3efa18bd37b81e33c8b4,3951,verbatim,
graph/figures/Figure_K11_topic_threat_associations.pdf,qwen_65docs/graph_65docs_k11_20261001/figures/Figure_K11_topic_threat_associations.pdf,530535787e096b62cf9974948030b59434a9385126d30c3327486b59ff017729,530535787e096b62cf9974948030b59434a9385126d30c3327486b59ff017729,37049,verbatim,
graph/figures/Figure_K11_topic_threat_associations.png,qwen_65docs/graph_65docs_k11_20261001/figures/Figure_K11_topic_threat_associations.png,bb605dac2a4607336ac7065a04f350d953cb91a29c7ed0c84f49bda35bcb16aa,bb605dac2a4607336ac7065a04f350d953cb91a29c7ed0c84f49bda35bcb16aa,961775,verbatim,
graph/figures/Figure_K11_topic_threat_associations.svg,qwen_65docs/graph_65docs_k11_20261001/figures/Figure_K11_topic_threat_associations.svg,4bb08be99bb959a6ea2c1717bd7904ab8db815275ee985e4bf36ace1b4b32f83,4bb08be99bb959a6ea2c1717bd7904ab8db815275ee985e4bf36ace1b4b32f83,30963,verbatim,
graph/graph_redacted/graph_data_redacted.graphml,qwen_65docs/graph_65docs_k11_20261001/graph_pack/graph_data.graphml,ff2f1b04b89599f5c2859369d7b8eda68e76db2a9909582ef01ea323d54bd6fc,89995c0078deb1b71c99ae7f449f393823e02c7e8df33bfd07c38f1de13f455a,220122,redacted,document-node detail replaced by marker (65 nodes); re-serialised with ElementTree (attribute/whitespace formatting may differ from source; node/edge content identical apart from detail)
graph/graph_redacted/graph_data_redacted.json,qwen_65docs/graph_65docs_k11_20261001/graph_pack/graph_data.json,744379bd44c191564693887a46025bd76a528e9bad2d3871197392f0e4b94e3f,d33309d21bc7dfe077242fc14e172bcaa5f1b1c7e9ab9cc9580e8a81ecc5f902,208947,redacted,document-node detail/evidence removed (65 nodes); source_evidence_table path replaced by a note
graph/graph_redacted/graph_edges.csv,qwen_65docs/graph_65docs_k11_20261001/graph_pack/graph_edges.csv,bee8563591464bcf954c885512587a2147468b78e648b84aa9d31b7a2922a173,05dc0b9923f9ab6eb4b0a06cdeb30ec6ccfbf618063f879b8eed988c86ad0310,85653,redacted,author first names replaced by reviewer codes
graph/graph_redacted/graph_nodes_redacted.csv,qwen_65docs/graph_65docs_k11_20261001/graph_pack/graph_nodes.csv,2fd4e96fe15f2bcbc7f5ff3da24667b3b2c4730bb1115fda46a296d5f12472e6,5d4e3dd019db92c92582fed618ea7204f7d55bf974eaa7b232e3e89f34c42bd6,25992,redacted,document-node detail (PDF excerpt text) replaced by marker in 65 rows
graph/graph_redacted/intervention_lifecycle_map.svg,qwen_65docs/graph_65docs_k11_20261001/graph_pack/intervention_lifecycle_map.svg,1053d3bfc62410dfb13b80276bac8e8f3942dc3f388811877bc0460d1ed5cd52,1053d3bfc62410dfb13b80276bac8e8f3942dc3f388811877bc0460d1ed5cd52,12613,verbatim,
graph/graph_redacted/intervention_matrix.csv,qwen_65docs/graph_65docs_k11_20261001/graph_pack/intervention_matrix.csv,498daf0502b166f84f820fe08a8d9057f41d07ef0824a6dd6b9aa105ed7bc7ec,498daf0502b166f84f820fe08a8d9057f41d07ef0824a6dd6b9aa105ed7bc7ec,3333,verbatim,
graph/graph_redacted/topic_threat_intervention_full.svg,qwen_65docs/graph_65docs_k11_20261001/graph_pack/topic_threat_intervention_full.svg,78e5777d4c4cd325525682490be3162f7828eb2b6d8b7c89688ab8d3cf4ec1ed,b5b781ed93c166c0567822d369d51d68cb1e12baca5a22c83ffbfbca633f204d,65371,redacted,author first names replaced by reviewer codes in edge tooltips
graph/validation/rerun_comparison.json,qwen_65docs/graph_65docs_k11_20261001/validation/rerun_comparison.json,b18ba16b74e527890efd7688fb64e53ff5e8fe0612e02889a976559dc3c3ddeb,b18ba16b74e527890efd7688fb64e53ff5e8fe0612e02889a976559dc3c3ddeb,6213,verbatim,records hashes of the ORIGINAL (undelivered) files compared on 2026-10-02
graph/validation/rule_edges_in_excluded_pairs.csv,qwen_65docs/graph_65docs_k11_20261001/validation/rule_edges_in_excluded_pairs.csv,90ac9c813a151ec7f788bfa8e7c4e935e4397635885ca2bae775bfec0f3a4d65,90ac9c813a151ec7f788bfa8e7c4e935e4397635885ca2bae775bfec0f3a4d65,2586,verbatim,
graph/validation/rule_layer_vs_approved_mapping.json,qwen_65docs/graph_65docs_k11_20261001/validation/rule_layer_vs_approved_mapping.json,e74cd7c479d32cb2c6c7bcb3d34cec6c4c676c02bc80d7ba27225872885cc1e5,e74cd7c479d32cb2c6c7bcb3d34cec6c4c676c02bc80d7ba27225872885cc1e5,1447,verbatim,
graph/validation/validation_report.json,qwen_65docs/graph_65docs_k11_20261001/validation/validation_report.json,86e4fd01e027e3dca32b9de4ce8176469a92a91e28d39e1dfc1de7b002358241,86e4fd01e027e3dca32b9de4ce8176469a92a91e28d39e1dfc1de7b002358241,9466,verbatim,
lda_65docs/A1_FILE_LIST.csv,incoming/Electronic_Supplement_A1/ (96 files),per-row in file,bf2814339f3794c73c390e8f379470e0be23ad499a5c8d27069f93c2c0d967e4,15987,new,"file-level list of the supplement package; counts: {""include"": 90, ""replaced"": 2, ""exclude"": 4}"
lda_65docs/A1_README_delivery_copy.changes.md,incoming/Electronic_Supplement_A1/README.md,0413b62374aa78bf159c3e1fc52f70d8e035286a832554b633586ca942fa1f0a,1d5940a53e7986e6718171c0f03199691aebacd3d8c0f8c2f836f56bcfd27796,2288,new,difference record
lda_65docs/A1_README_delivery_copy.md,incoming/Electronic_Supplement_A1/README.md,0413b62374aa78bf159c3e1fc52f70d8e035286a832554b633586ca942fa1f0a,52495ca9d03b6f505b7dbb25513d6f2a26b97b0fe05e35460d1b9bd150473612,7746,edited_copy,"two passages replaced (human_review line; Appendix B status paragraph) plus paragraphs on the paired-sensitivity `basis` column, the crosswalk and the metadata files; header note added"
lda_65docs/CURRENT_REVIEW_STATUS.md,incoming/Electronic_Supplement_A1/model_selection_decision.json; drive_verified_20260928/*.xlsx; drive_verified_20260928/READ_ME.md,n/a (new status note),6a5bd1928f4bc10e691e46e7c33ebf808a742fbff69dd97f48ddbe228dd98bba,5255,new,status note written from the recorded files; quotes anonymised
lda_65docs/METADATA_SOURCES_AND_GAPS.md,n/a,n/a (new note),e883ae750d020e2902d1660b5dc9b30e06fa61f75ef78b1d18e612f8ddad412a,3238,new,"sources, field status and unresolved items for the bibliographic metadata"
lda_65docs/tables/corpus_bibliographic_metadata.csv,incoming/Supplementary Table S1 ...xlsm (Final included studies); incoming/Electronic_Supplement_A1/tables/corpus_manifest.csv; drive_verified_20260928/Processed_Titles_30Oct_del.xlsx,see METADATA_SOURCES_AND_GAPS.md,9ec41b29e0905081c26b3c33fe9bec15b62934159e737282ccb4da0b9ccf9d78,32400,derived,"65 rows; bibliographic fields copied from S1 final-included records, matched one-to-one to the manifest documents; no reviewer decision columns copied"
lda_65docs/tables/metadata_template.csv,incoming/Electronic_Supplement_A1/tables/metadata_template.csv,4a6ba042feb8372de066b56914c2f1bb30ae90a6715d0ca2fcea725b9ab358f6,b1c7dbf3112e7f1a7e273ef99e9b380c658069eb104fec3a9fa55c3295adf8c3,21245,edited_copy,"same columns and rows; only year, screening_id and notes filled; publication_type unknown / type_verified False and quality_appraisal_* left empty"
lda_65docs/topic_label_review_anonymised.csv,"drive_verified_20260928/{coder_1_topic_review,coder_2_topic_review,label_adjudication}.xlsx",see CURRENT_REVIEW_STATUS.md,fbba02ddf885972ad5fa1bafaa181f5ba688c232964dadef239bfdad8527ba3c,3044,derived+anonymised,"Topic_review and Reported_agreement sheets transcribed (11 rows); coder identifiers replaced by Reviewer A/B; decisions, labels, confidences and adjudication basis unchanged; cross-checked cell by cell between the three workbooks"
qwen_pipeline/code/01_local_qwen_metaverse_fincrime_analysis.py,qwen_65docs/submission_draft_20260929/code_copies/01_local_qwen_metaverse_fincrime_analysis.py,c6f5c4edfae08ab063b75bb75cab936cf211b745b6fae6879efa67049c201764,a4a21d6111ac872b2e2b2ab51654298f617cc6dd7da411673deeb181402314aa,16386,path_param,"INPUT_FILE constant parametrised (original: a collaborator's Windows machine path); used only by the script's own main(), not by the 65-document run, which imports the functions/constants"
qwen_pipeline/code/build_input_from_extracted.py,qwen_65docs/submission_draft_20260929/code_copies/build_input_from_extracted.py,a0b6a85f471be6b195bb7ade30069ed803a83e414d3b2e8d7ea2d244b262e437,a0b6a85f471be6b195bb7ade30069ed803a83e414d3b2e8d7ea2d244b262e437,6151,verbatim,
qwen_pipeline/code/run_rules_stage1.py,qwen_65docs/submission_draft_20260929/code_copies/run_rules_stage1.py,34298078442c2a84b76a4225716fef0eeed24ee5cd3c978b8a54d9c29d2b6e61,34298078442c2a84b76a4225716fef0eeed24ee5cd3c978b8a54d9c29d2b6e61,5369,verbatim,
qwen_pipeline/code/run_stage2_qwen.py,qwen_65docs/submission_draft_20260929/code_copies/run_stage2_qwen.py,a3f11320e1a5b3d01ef964599902fe7a4b05ab13889393c4648115bb1fd8fc66,a3f11320e1a5b3d01ef964599902fe7a4b05ab13889393c4648115bb1fd8fc66,31525,verbatim,
qwen_pipeline/code/summarise_stage2.py,qwen_65docs/qwen/scripts/summarise_stage2.py,4e7c91a4c24cc07fa74afe5e562cd0a6b7648a6ad7fe209556c709aa717b3205,4e7c91a4c24cc07fa74afe5e562cd0a6b7648a6ad7fe209556c709aa717b3205,4892,verbatim,assembles complete_analysis_report.md from already generated text; contains no model-facing or rule logic
qwen_pipeline/derived/02_batch_document_mapping.csv,qwen_65docs/submission_draft_20260929/02_batch_document_mapping.csv,c94f6d037a01a412fcdf67979e9ec8e35403c7ce258c52f52d72794c8164bad9,c94f6d037a01a412fcdf67979e9ec8e35403c7ce258c52f52d72794c8164bad9,1073,verbatim,
qwen_pipeline/derived/02_request_response_index.csv,qwen_65docs/submission_draft_20260929/02_request_response_index.csv,9a98b32815fb2179e4a5f2014739669290feb613b0cf04989b17d9f4340ac2e4,9a98b32815fb2179e4a5f2014739669290feb613b0cf04989b17d9f4340ac2e4,2490,verbatim,
qwen_pipeline/derived/document_keyword_counts_65_no_excerpts.csv,qwen_65docs/preflight/document_evidence_table_65.csv,27402d5d6eea1fb683f79bcd010bedf145ac7726ae2e6ff1ae80cd95729d01b6,e7feedc93dfdda52ad6c66cdf55ef5c8b3d12af1d855271185a21a49d4bee618,11000,redacted,"column projection: top_evidence_1..3 (PDF excerpt text) dropped; remaining columns and values unchanged; written as UTF-8 without BOM. Counts are keyword-list hit totals, not densities and not evidence-quality scores"
qwen_pipeline/docs/01_supplement_description.md,qwen_65docs/submission_draft_20260929/01_supplement_description.md,7a45e1601bc6514b548490d2168b8d3fb6a5b796e3c8424da5fbf4902cb7979b,3ca49a13f9dc29b11c4386ea2312c337ef7792a9141e304fe836a2c56bcd409d,6954,sanitised,"1 substitutions (scheduler/account/host identifiers, key-file names, personal machine details); author names -> reviewer codes; delivery-note header added"
qwen_pipeline/docs/02_prompts_and_configuration.md,qwen_65docs/submission_draft_20260929/02_prompts_and_configuration.md,0006535034deab88cc60b3abf82ab0d04f9add7e319a48d3bad7cbd028b95b6f,b1174a1ee5ba5850ac3816a68243588415d8383e44b99633a68a548117116ecf,28457,sanitised,"1 substitutions (scheduler/account/host identifiers, key-file names, personal machine details); author names -> reviewer codes; delivery-note header added"
qwen_pipeline/docs/03_deterministic_rules_and_code.md,qwen_65docs/submission_draft_20260929/03_deterministic_rules_and_code.md,0da6afde4325ff6b77fa0f14827e0276cf3c22c86ad28f34068add649ca80628,700d35c31dcdb6cac2b76ef61ddd178cf31a93f283bb2cd90b086809e6221f81,23120,sanitised,"0 substitutions (scheduler/account/host identifiers, key-file names, personal machine details); author names -> reviewer codes; delivery-note header added"
qwen_pipeline/docs/03_keyword_counts_and_classification.md,qwen_65docs/submission_draft_20260929/internal_reviewer_snapshot_20260929/verification/03_keyword_counts_and_classification.md,f2707d17e44c71611ea52fa4408fecfbdcac8540417357c538ebe486a3f60bd6,15d942cb4183fcc9728fd9f6706c84d465682cb9bc765a0f17005e3dd133db2c,5414,sanitised,"0 substitutions (scheduler/account/host identifiers, key-file names, personal machine details); author names -> reviewer codes; delivery-note header added"
qwen_pipeline/docs/04_outputs_and_verification.md,qwen_65docs/submission_draft_20260929/04_outputs_and_verification.md,aa07f02ecf0694c6d5b8b3eb1bfc4afb5502d8d84c842927987b9f8a2b61bbd6,2dfe587b0b3c0e4ba5794264b57d349be1f7f7e40313541f3ea6b0ac1e989e06,11275,sanitised,"0 substitutions (scheduler/account/host identifiers, key-file names, personal machine details); author names -> reviewer codes; delivery-note header added"
qwen_pipeline/docs/04_run_conditions_for_methods.md,qwen_65docs/submission_draft_20260929/internal_reviewer_snapshot_20260929/verification/04_run_conditions_for_methods.md,8e1557183da883515fad29a872414b12ebdfb6f9c2b95cada95fb3257e774363,f7a942e2fe7c240fdf3b750ae89e3d9442e33612e2e9b0a04d9e2cf88f57fdac,8809,sanitised,"8 substitutions (scheduler/account/host identifiers, key-file names, personal machine details); author names -> reviewer codes; delivery-note header added"
