id,label,type,detail,prevalence,documents,source_doc_id,doc_index,filename,relevance,pages,words,total_score
T01,"T01: Perceived trust, equality and consumer issues",topic,"2.97% mean publication-level topic proportion (thematic attention, not crime incidence); dominant topic in 2 of 65 publications.",2.97,2,,,,,,,
T02,T02: Data-driven attack detection and authentication,topic,"14.39% mean publication-level topic proportion (thematic attention, not crime incidence); dominant topic in 11 of 65 publications.",14.39,11,,,,,,,
T03,T03: Gameplay and review/research methods,topic,"6.17% mean publication-level topic proportion (thematic attention, not crime incidence); dominant topic in 2 of 65 publications. No author-approved topic-threat link (insufficient reviewed support).",6.17,2,,,,,,,
T04,"T04: Technical trust, reputation and authenticity",topic,"3.25% mean publication-level topic proportion (thematic attention, not crime incidence); dominant topic in 2 of 65 publications.",3.25,2,,,,,,,
T05,T05: Governance of data and assets,topic,"7.57% mean publication-level topic proportion (thematic attention, not crime incidence); dominant topic in 4 of 65 publications.",7.57,4,,,,,,,
T06,T06: NFT ownership and digital-asset markets,topic,"8.86% mean publication-level topic proportion (thematic attention, not crime incidence); dominant topic in 4 of 65 publications.",8.86,4,,,,,,,
T07,T07: Transaction and authentication protocols,topic,"9.65% mean publication-level topic proportion (thematic attention, not crime incidence); dominant topic in 6 of 65 publications.",9.65,6,,,,,,,
T08,T08: Cryptoasset crime and scams,topic,"8.57% mean publication-level topic proportion (thematic attention, not crime incidence); dominant topic in 6 of 65 publications.",8.57,6,,,,,,,
T09,"T09: NFT markets, value and financial perceptions",topic,"3.20% mean publication-level topic proportion (thematic attention, not crime incidence); dominant topic in 2 of 65 publications.",3.2,2,,,,,,,
T10,"T10: Encryption, access control and network methods",topic,"7.19% mean publication-level topic proportion (thematic attention, not crime incidence); dominant topic in 5 of 65 publications.",7.19,5,,,,,,,
T11,T11: Broad metaverse-platform security,topic,"28.18% mean publication-level topic proportion (thematic attention, not crime incidence); dominant topic in 21 of 65 publications.",28.18,21,,,,,,,
TH_SCAM,"Scam, fraud, and social-deception laundering opportunities",threat,,,,,,,,,,
TH_IDENTITY,"Avatar, identity, biometric, and account takeover abuse",threat,,,,,,,,,,
TH_NFT,"NFT, gaming, and virtual-property value manipulation",threat,,,,,,,,,,
TH_WALLET,"Wallet, exchange, off-ramp, and cross-chain laundering exposure",threat,,,,,,,,,,
TH_DEFI,"DeFi, smart-contract, DAO, and governance-control misuse",threat,,,,,,,,,,
TH_PRIVACY,"Privacy, data protection, and traceability gaps",threat,,,,,,,,,,
TH_PAYMENT,"Digital payment, trust, fraud-detection, and Sybil-risk environment",threat,,,,,,,,,,
TH_CYBER,"Cyberattack, malware, platform-security, and infrastructure compromise",threat,,,,,,,,,,
TH_GOVERNANCE,"Platform governance, jurisdictional, and legal accountability gaps",threat,,,,,,,,,,
LY_PLATFORM,"Platform affordances: avatars, immersion, persistence, social presence",layer,,,,,,,,,,
LY_IDENTITY,"Identity-access layer: accounts, avatars, biometrics, credentials",layer,,,,,,,,,,
LY_ASSET,"Asset-market layer: NFTs, tokens, game items, virtual property",layer,,,,,,,,,,
LY_TRANSACTION,"Transaction-flow layer: wallets, payments, bridges, exchanges",layer,,,,,,,,,,
LY_GOVERNANCE,"Governance-control layer: DAOs, contracts, rules, jurisdiction",layer,,,,,,,,,,
LY_OPPORTUNITY,"Opportunity-formation layer: anonymity, deception, fragmented controls",layer,,,,,,,,,,
LY_DETECTION,"Detection-intervention layer: evidence, analytics, policy controls",layer,,,,,,,,,,
SG_SCAM,Scam campaign and social-engineering signals,signal,,,,,,,,,,
SG_AVATAR,Avatar/account anomaly signals,signal,,,,,,,,,,
SG_NFT,"NFT wash-trade, provenance, and value-anomaly signals",signal,,,,,,,,,,
SG_WALLET,"Wallet clustering, mixer, bridge, and off-ramp exposure signals",signal,,,,,,,,,,
SG_CONTRACT,"Smart-contract, DAO, treasury, and permission-risk signals",signal,,,,,,,,,,
SG_PRIVACY,"Privacy, encryption, and traceability-loss signals",signal,,,,,,,,,,
SG_PAYMENT,"Payment, fraud-detection, trust, and Sybil signals",signal,,,,,,,,,,
SG_CYBER,"Cyberattack, malware, and platform compromise signals",signal,,,,,,,,,,
SG_GOVERNANCE,"Legal, compliance, and cross-jurisdiction signals",signal,,,,,,,,,,
IN_SCAM_MONITOR,Scam-campaign monitoring and user harm response,intervention,,,,,,,,,,
IN_ONBOARDING,Risk-based onboarding and identity assurance,intervention,,,,,,,,,,
IN_ACCESS,"Authentication, key custody, and access-control monitoring",intervention,,,,,,,,,,
IN_PLATFORM_SECURITY,Platform security monitoring and vulnerability response,intervention,,,,,,,,,,
IN_PROVENANCE,NFT/token provenance and asset-origin review,intervention,,,,,,,,,,
IN_MARKETPLACE,Marketplace behaviour monitoring and scam suppression,intervention,,,,,,,,,,
IN_VALUATION,Virtual-asset valuation and wash-trade anomaly review,intervention,,,,,,,,,,
IN_CHAIN_ANALYTICS,"Wallet, bridge, mixer, and cross-chain analytics",intervention,,,,,,,,,,
IN_PAYMENT_CONTROLS,Digital-payment fraud controls and trust scoring,intervention,,,,,,,,,,
IN_GOVERNANCE_AUDIT,"Smart-contract, DAO, and governance audit controls",intervention,,,,,,,,,,
IN_OFFRAMP,Exchange/off-ramp due diligence and reporting,intervention,,,,,,,,,,
IN_EVIDENCE,"Investigation, evidence preservation, and case escalation",intervention,,,,,,,,,,
IN_PRIVACY_BY_DESIGN,Privacy-by-design controls with auditability,intervention,,,,,,,,,,
DIM_metaverse_platform_features,Metaverse platform features,dimension,Evidence dimension counted from the extracted PDF text.,,,,,,,,,
DIM_crypto_ecosystem_features,Cryptocurrency ecosystem features,dimension,Evidence dimension counted from the extracted PDF text.,,,,,,,,,
DIM_financial_crime_opportunities,Financial crime opportunities,dimension,Evidence dimension counted from the extracted PDF text.,,,,,,,,,
DIM_modelling_analysis_intervention,"Modelling, analysis, and intervention",dimension,Evidence dimension counted from the extracted PDF text.,,,,,,,,,
DOC_D03403c0839c3,D03403c0839c3: Challenges and Opportunities of Integrating Non-Fungible...,document,[PDF excerpt omitted in delivery snapshot],,,D03403c0839c3,01,Challenges_and_Opportunities_of_Integrating_Non-Fungible_Tokens_NFTs_and_Self-Sovereign_AI_SSAI_in_Blockchain-Based_Metaverse_Projects_compressed.pdf,highly relevant platform/security evidence,9,6912,614
DOC_D1095d64c71c1,D1095d64c71c1: Design of Secure Mutual Authentication Scheme for Metaverse...,document,[PDF excerpt omitted in delivery snapshot],,,D1095d64c71c1,02,Design_of_Secure_Mutual_Authentication_Scheme_for_Metaverse_Environments_Using_Blockchain_compressed.pdf,highly relevant platform/security evidence,15,11927,281
DOC_D165861071eca,D165861071eca: Blockchain-Empowered Privacy-Preserving Digital Object...,document,[PDF excerpt omitted in delivery snapshot],,,D165861071eca,03,Blockchain-Empowered_Privacy-Preserving_Digital_Object_Trading_in_the_Metaverse_compressed.pdf,highly relevant platform/security evidence,10,6512,424
DOC_D1a5520aa7ae7,D1a5520aa7ae7: Unraveling the dynamics of digital equality and trust in...,document,[PDF excerpt omitted in delivery snapshot],,,D1a5520aa7ae7,04,Unraveling the dynamics of digital equality and trust in AI-empowered metaverses and AI-VR-convergence_compressed.pdf,highly relevant platform/security evidence,20,17842,795
DOC_D1c167b303ed0,"D1c167b303ed0: Money, possessions, and ownership in the Metaverse NFTs,...",document,[PDF excerpt omitted in delivery snapshot],,,D1c167b303ed0,05,"Money, possessions, and ownership in the Metaverse_ NFTs, cryptocurrencies, Web3 and Wild Markets_compressed.pdf",highly relevant platform/security evidence,8,8827,358
DOC_D1f315032455a,D1f315032455a: Towards Secure AI-driven Industrial Metaverse with NFT...,document,[PDF excerpt omitted in delivery snapshot],,,D1f315032455a,06,Towards_Secure_AI-driven_Industrial_Metaverse_with_NFT_Digital_Twins_compressed.pdf,highly relevant platform/security evidence,9,6990,327
DOC_D21cf0acb1a9a,D21cf0acb1a9a: Jurisdictional Challenges in Metaverse chapter,document,[PDF excerpt omitted in delivery snapshot],,,D21cf0acb1a9a,07,Jurisdictional_Challenges_in_Metaverse_chapter.pdf,highly relevant platform/security evidence,11,4556,179
DOC_D24774522d751,D24774522d751: AI-based Malicious Bitcoin Transaction Detection Framework...,document,[PDF excerpt omitted in delivery snapshot],,,D24774522d751,08,AI-based_Malicious_Bitcoin_Transaction_Detection_Framework_for_Real_Estate_in_Metaverse_compressed.pdf,highly relevant platform/security evidence,6,4165,236
DOC_D2590938a004e,D2590938a004e: Stylized facts of metaverse non-fungible tokens,document,[PDF excerpt omitted in delivery snapshot],,,D2590938a004e,09,Stylized facts of metaverse non-fungible tokens_compressed.pdf,primary financial-crime/crypto evidence,29,20146,935
DOC_D28078c8a10cc,D28078c8a10cc: Innovative Accounting and Auditing,document,[PDF excerpt omitted in delivery snapshot],,,D28078c8a10cc,10,Innovative Accounting and Auditing.pdf,highly relevant platform/security evidence,10,6316,196
DOC_D2ddae8e6696b,D2ddae8e6696b: The Technological Innovation of the Metaverse in Financial,document,[PDF excerpt omitted in delivery snapshot],,,D2ddae8e6696b,11,The Technological Innovation of the Metaverse in Financial_compressed.pdf,highly relevant platform/security evidence,17,13572,523
DOC_D399d99db36b3,D399d99db36b3: The Study of DeFi in Virtual Community and Financial...,document,[PDF excerpt omitted in delivery snapshot],,,D399d99db36b3,12,The Study of DeFi in Virtual Community and Financial Supervision_compressed.pdf,highly relevant platform/security evidence,8,5631,403
DOC_D39a7eeed7aaa,D39a7eeed7aaa: MetaL A Fully Decentralized User-Driven Access Control...,document,[PDF excerpt omitted in delivery snapshot],,,D39a7eeed7aaa,13,MetaL_A_Fully_Decentralized_User-Driven_Access_Control_Scheme_for_Metaverse_Utilizing_MC-ABE_and_Sharding_Blockchain_compressed.pdf,highly relevant platform/security evidence,9,7486,162
DOC_D3ab7a5b14686,D3ab7a5b14686: Securing the Metaverse chaptered,document,[PDF excerpt omitted in delivery snapshot],,,D3ab7a5b14686,14,Securing_the_Metaverse_chapter_extracted.pdf,highly relevant platform/security evidence,11,3829,191
DOC_D4531a0b32047,D4531a0b32047: The rise and fall of cryptocurrencies,document,[PDF excerpt omitted in delivery snapshot],,,D4531a0b32047,15,The rise and fall of cryptocurrencies.pdf,primary financial-crime/crypto evidence,34,17533,884
DOC_D4bfedf8b0798,D4bfedf8b0798: The Digital Payment Revolution in the Metaverse A Systematic...,document,[PDF excerpt omitted in delivery snapshot],,,D4bfedf8b0798,16,"The Digital Payment Revolution in the Metaverse_ A Systematic Review of Emerging Technologies, Challenges, and Future Directions_compressed.pdf",highly relevant platform/security evidence,17,9632,406
DOC_D514e784e1e1b,D514e784e1e1b: NFTs for combating deepfakes and fake metaverse digital...,document,[PDF excerpt omitted in delivery snapshot],,,D514e784e1e1b,17,NFTs for combating deepfakes and fake metaverse digital contents_compressed.pdf,highly relevant platform/security evidence,24,14212,582
DOC_D524a4f047a09,D524a4f047a09: Eden An Edge Computing Empowered Proof-of-Personhood...,document,[PDF excerpt omitted in delivery snapshot],,,D524a4f047a09,18,Eden_An_Edge_Computing_Empowered_Proof-of-Personhood_Protocol_for_Anti-Sybil_in_Blockchain-based_Metaverse_compressed.pdf,highly relevant platform/security evidence,8,6301,372
DOC_D5279c89a9098,D5279c89a9098: Blockchain for the metaverse Recent advances taxonomy and...,document,[PDF excerpt omitted in delivery snapshot],,,D5279c89a9098,19,Blockchain for the metaverse_ Recent advances taxonomy and future challenges_compressed.pdf,primary financial-crime/crypto evidence,32,30692,2520
DOC_D569a973fcbb6,D569a973fcbb6: A blockchain-based signature exchange protocol for metaverse,document,[PDF excerpt omitted in delivery snapshot],,,D569a973fcbb6,20,A blockchain-based signature exchange protocol for metaverse_compressed.pdf,highly relevant platform/security evidence,11,9745,359
DOC_D57c6968f2827,D57c6968f2827: Blockchain-based asset storage and service mechanism to...,document,[PDF excerpt omitted in delivery snapshot],,,D57c6968f2827,21,Blockchain-based asset storage and service mechanism to metaverse universe_ Metarepo_compressed.pdf,highly relevant platform/security evidence,17,9109,414
DOC_D5d212714e9a4,D5d212714e9a4: Freedom and Restraint in Dark Forest A Peek at the Metaverse...,document,[PDF excerpt omitted in delivery snapshot],,,D5d212714e9a4,22,Freedom_and_Restraint_in_Dark_Forest_A_Peek_at_the_Metaverse_Through_a_Blockchain_Game_compressed.pdf,highly relevant platform/security evidence,12,10465,135
DOC_D5df71bcd7569,D5df71bcd7569: Navigating Consumer Rights and Ethical Advertising in the...,document,[PDF excerpt omitted in delivery snapshot],,,D5df71bcd7569,23,Navigating_Consumer_Rights_and_Ethical_Advertising_in_the_Metaverse_chapter.pdf,highly relevant platform/security evidence,10,3979,171
DOC_D63d7b065ccb8,D63d7b065ccb8: Decentralized autonomous organizations review importance and...,document,[PDF excerpt omitted in delivery snapshot],,,D63d7b065ccb8,24,Decentralized_autonomous_organizations_review_importance_and_applications_compressed.pdf,highly relevant platform/security evidence,6,3971,237
DOC_D6486a0b043d4,D6486a0b043d4: A Prelude to Cybersecurity Challenges in the Metaverse -...,document,[PDF excerpt omitted in delivery snapshot],,,D6486a0b043d4,25,A Prelude to Cybersecurity Challenges in the Metaverse - extracted chapter.pdf,primary financial-crime/crypto evidence,22,10494,594
DOC_D65ab9f4e98ce,D65ab9f4e98ce: A Smart Contract-Based Authentication Scheme for Securing...,document,[PDF excerpt omitted in delivery snapshot],,,D65ab9f4e98ce,26,A_Smart_Contract-Based_Authentication_Scheme_for_Securing_Metaverse_Environment_in_Web_3.0_compressed.pdf,highly relevant platform/security evidence,11,9500,337
DOC_D6baa23748f4c,D6baa23748f4c: Accounting Profession in Metaverse Era - NFT,document,[PDF excerpt omitted in delivery snapshot],,,D6baa23748f4c,27,Accounting Profession in Metaverse Era - NFT_compressed.pdf,primary financial-crime/crypto evidence,8,6623,365
DOC_D6bbb4f6b30f4,D6bbb4f6b30f4: Blockchain-Based Trust Management for Virtual Entities in...,document,[PDF excerpt omitted in delivery snapshot],,,D6bbb4f6b30f4,28,Blockchain-Based_Trust_Management_for_Virtual_Entities_in_the_Metaverse_A_Model_for_Avatar_and_Virtual_Organization_Interactions_compressed.pdf,highly relevant platform/security evidence,25,17496,588
DOC_D6cf278e5b911,D6cf278e5b911: Financial cybercrime in the Islamic Finance Metaverse,document,[PDF excerpt omitted in delivery snapshot],,,D6cf278e5b911,29,Financial cybercrime in the Islamic Finance Metaverse_compressed.pdf,primary financial-crime/crypto evidence,6,4678,307
DOC_D74bc17aea3dd,D74bc17aea3dd: Cyber security vulnerabilities and threat mitigation...,document,[PDF excerpt omitted in delivery snapshot],,,D74bc17aea3dd,30,Cyber security vulnerabilities and threat mitigation strategies.pdf,primary financial-crime/crypto evidence,22,7292,545
DOC_D7654ca3e0443,D7654ca3e0443: Enhancing Identity Security in the Metaverse Solutions Using...,document,[PDF excerpt omitted in delivery snapshot],,,D7654ca3e0443,31,Enhancing_Identity_Security_in_the_Metaverse_Solutions_Using_AI_Blockchain_and_NFTs_compressed.pdf,primary financial-crime/crypto evidence,6,4044,499
DOC_D78df4a50ef94,D78df4a50ef94: The effects of non-fungible token platform affordances on...,document,[PDF excerpt omitted in delivery snapshot],,,D78df4a50ef94,32,The effects of non-fungible token platform affordances on customer loyalty_ A Buyer-Creator duality perspective_compressed.pdf,highly relevant platform/security evidence,16,14518,391
DOC_D7d7f6f621da1,D7d7f6f621da1: Legalities in Metaverse Ethereum Fraud Detection,document,[PDF excerpt omitted in delivery snapshot],,,D7d7f6f621da1,33,Legalities_in_Metaverse__Ethereum_Fraud_Detection_compressed.pdf,primary financial-crime/crypto evidence,14,8285,428
DOC_D8d6830743dfc,D8d6830743dfc: Metaverse The Potential Threats in the Virtual World chapter...,document,[PDF excerpt omitted in delivery snapshot],,,D8d6830743dfc,34,Metaverse_The_Potential_Threats_in_the_Virtual_World_chapter_pages_84-92.pdf,highly relevant platform/security evidence,9,2776,192
DOC_D8f2ad68926ef,D8f2ad68926ef: GenAI with custom trained,document,[PDF excerpt omitted in delivery snapshot],,,D8f2ad68926ef,35,GenAI with custom trained.pdf,highly relevant platform/security evidence,7,5071,551
DOC_D933970ff55c6,"D933970ff55c6: NFTs for accessing, monetizing, and teleporting digital...",document,[PDF excerpt omitted in delivery snapshot],,,D933970ff55c6,36,"NFTs for accessing, monetizing, and teleporting digital twins and digital artifacts in the metaverse_compressed.pdf",highly relevant platform/security evidence,16,11907,888
DOC_D957f80b1f6a0,D957f80b1f6a0: A Mini Review on Purchaser Security in the Metaverse -...,document,[PDF excerpt omitted in delivery snapshot],,,D957f80b1f6a0,37,A Mini Review on Purchaser Security in the Metaverse - extracted chapter.pdf,primary financial-crime/crypto evidence,14,4567,379
DOC_D9894a8b2bb51,D9894a8b2bb51: Payment System Vulnerabilities,document,[PDF excerpt omitted in delivery snapshot],,,D9894a8b2bb51,38,Payment System Vulnerabilities.pdf,primary financial-crime/crypto evidence,12,2836,186
DOC_D9c3426dab355,D9c3426dab355: Trusted AI with Blockchain to Empower Metaverse,document,[PDF excerpt omitted in delivery snapshot],,,D9c3426dab355,39,Trusted_AI_with_Blockchain_to_Empower_Metaverse_compressed.pdf,highly relevant platform/security evidence,8,6643,605
DOC_Da6361d07d275,Da6361d07d275: Seamless Asset Exchange in Interconnected Metaverses...,document,[PDF excerpt omitted in delivery snapshot],,,Da6361d07d275,40,Seamless_Asset_Exchange_in_Interconnected_Metaverses_Unraveling_On-Chain_Atomic_Swap_compressed.pdf,highly relevant platform/security evidence,10,7884,381
DOC_Da7ef797c3412,Da7ef797c3412: NFT-Based Digital Identity Authentication Framework for the...,document,[PDF excerpt omitted in delivery snapshot],,,Da7ef797c3412,41,NFT-Based_Digital_Identity_Authentication_Framework_for_the_Metaverse_Environments_compressed.pdf,highly relevant platform/security evidence,9,6310,337
DOC_Db1ac098543ec,Db1ac098543ec: Demystifying opportunities and risk for businesses A...,document,[PDF excerpt omitted in delivery snapshot],,,Db1ac098543ec,42,Demystifying opportunities and risk for businesses_ A qualitative enquiry_compressed.pdf,highly relevant platform/security evidence,12,4984,258
DOC_Db4a620abe159,Db4a620abe159: The metaverse applications for the finance industry its...,document,[PDF excerpt omitted in delivery snapshot],,,Db4a620abe159,43,The_metaverse_applications_for_the_finance_industry_its_challenges_and_an_approach_for_the_metaverse_finance_industry_compressed.pdf,primary financial-crime/crypto evidence,4,2866,256
DOC_Db80703b6ee6c,Db80703b6ee6c: Classification of NFT Security Issues and Threats through...,document,[PDF excerpt omitted in delivery snapshot],,,Db80703b6ee6c,44,Classification of NFT Security Issues and Threats through Case Analysis.pdf,primary financial-crime/crypto evidence,10,4742,355
DOC_Dc0b4b006fee0,Dc0b4b006fee0: Legal Challenges of Intellectual Property in the Metaverse...,document,[PDF excerpt omitted in delivery snapshot],,,Dc0b4b006fee0,45,Legal_Challenges_of_Intellectual_Property_in_the_Metaverse_Under_UAE_Intellectual_Property_Law_Trademarks_Copyrights_Patents_compressed.pdf,highly relevant platform/security evidence,7,6292,199
DOC_Dc35d9a0e2a20,Dc35d9a0e2a20: Artificial Intelligence-Based Cybersecurity for the...,document,[PDF excerpt omitted in delivery snapshot],,,Dc35d9a0e2a20,46,Artificial_Intelligence-Based_Cybersecurity_for_the_Metaverse_Research_Challenges_and_Opportunities_compressed.pdf,primary financial-crime/crypto evidence,45,35595,2296
DOC_Dc3ba77443e3f,Dc3ba77443e3f: A privacy awareness framework for NFT avatars in the metaverse,document,[PDF excerpt omitted in delivery snapshot],,,Dc3ba77443e3f,47,A_privacy_awareness_framework_for_NFT_avatars_in_the_metaverse_compressed.pdf,highly relevant platform/security evidence,5,4687,292
DOC_Dc414a91a176a,Dc414a91a176a: Bridging Law and Machine Learning A Cybersecure Model for...,document,[PDF excerpt omitted in delivery snapshot],,,Dc414a91a176a,48,Bridging Law and Machine Learning_ A Cybersecure Model for Classifying Digital Real Estate Contracts in the Metaverse_compressed.pdf,highly relevant platform/security evidence,15,8587,351
DOC_Dcb7f93f9aa99,Dcb7f93f9aa99: Detecting Smart Contract Project Anomalies in Metaverse,document,[PDF excerpt omitted in delivery snapshot],,,Dcb7f93f9aa99,49,Detecting_Smart_Contract_Project_Anomalies_in_Metaverse_compressed.pdf,highly relevant platform/security evidence,9,7184,420
DOC_Dce466cf22246,Dce466cf22246: Fusing Blockchain and AI With Metaverse A Survey,document,[PDF excerpt omitted in delivery snapshot],,,Dce466cf22246,50,Fusing_Blockchain_and_AI_With_Metaverse_A_Survey_compressed.pdf,highly relevant platform/security evidence,15,12254,869
DOC_Dced739924e6e,Dced739924e6e: Urban metaverse and blockchain,document,[PDF excerpt omitted in delivery snapshot],,,Dced739924e6e,51,Urban metaverse and blockchain.pdf,primary financial-crime/crypto evidence,40,29640,1594
DOC_Ddc6958bc957f,"Ddc6958bc957f: Criminology Towards the Metaverse Cryptocurrency Scams, Grey...",document,[PDF excerpt omitted in delivery snapshot],,,Ddc6958bc957f,52,"Criminology Towards the Metaverse_ Cryptocurrency Scams, Grey Economy and the Technosocial_compressed.pdf",primary financial-crime/crypto evidence,16,10601,440
DOC_Ddef784be4369,Ddef784be4369: Ethical and Legal Challenges of NFTs chaptered,document,[PDF excerpt omitted in delivery snapshot],,,Ddef784be4369,53,Ethical_and_Legal_Challenges_of_NFTs_chapter_extracted.pdf,highly relevant platform/security evidence,15,6211,403
DOC_Ddffd47d0866a,Ddffd47d0866a: Modelling BTC networks,document,[PDF excerpt omitted in delivery snapshot],,,Ddffd47d0866a,54,Modelling BTC networks.pdf,highly relevant platform/security evidence,33,17977,512
DOC_De11ad817ca1d,De11ad817ca1d: METAseen analyzing network traffic and privacy policies in...,document,[PDF excerpt omitted in delivery snapshot],,,De11ad817ca1d,55,METAseen_ analyzing network traffic and privacy policies in Web 3.0 based Metaverse_compressed.pdf,highly relevant platform/security evidence,13,12081,710
DOC_De395cd4ff88c,De395cd4ff88c: Efficient post-quantum attribute-based access control scheme...,document,[PDF excerpt omitted in delivery snapshot],,,De395cd4ff88c,56,Efficient post-quantum attribute-based access control scheme for blockchain-empowered metaverse data management_compressed.pdf,highly relevant platform/security evidence,15,14678,208
DOC_De6773a6d4648,De6773a6d4648: Exploring-NFTs-and-Metaverse-Collaborations...,document,[PDF excerpt omitted in delivery snapshot],,,De6773a6d4648,57,Exploring-NFTs-and-Metaverse-Collaborations_-Innovations-Opportunities-and-Challenges_compressed.pdf,highly relevant platform/security evidence,22,7947,493
DOC_De9070d0f44e5,De9070d0f44e5: Meta-Governance Blockchain-Driven Metaverse Platform for...,document,[PDF excerpt omitted in delivery snapshot],,,De9070d0f44e5,58,Meta-Governance_Blockchain-Driven_Metaverse_Platform_for_Mitigating_Misbehavior_Using_Smart_Contract_and_AI_compressed.pdf,highly relevant platform/security evidence,15,10665,535
DOC_Df606698e5a62,Df606698e5a62: The New Economic Models of Metaverse and Its Implications in...,document,[PDF excerpt omitted in delivery snapshot],,,Df606698e5a62,59,The New Economic Models of Metaverse and Its Implications in International Financial Markets_chapter.pdf,highly relevant platform/security evidence,10,4559,262
DOC_Df64cb83374bc,Df64cb83374bc: Blockchain-Based Privacy-Preserving and Accountable Mobile...,document,[PDF excerpt omitted in delivery snapshot],,,Df64cb83374bc,60,Blockchain-Based_Privacy-Preserving_and_Accountable_Mobile_Edge_Outsourcing_Computing_Framework_for_the_Metaverse_compressed.pdf,highly relevant platform/security evidence,14,11734,417
DOC_Df993b1e11c98,Df993b1e11c98: Cryptocurrency in the metaverse,document,[PDF excerpt omitted in delivery snapshot],,,Df993b1e11c98,61,Cryptocurrency in the metaverse.pdf,highly relevant platform/security evidence,50,14578,554
DOC_Dfb76bf848dd2,Dfb76bf848dd2: Blockchain-based Security Framework for Metaverse A...,document,[PDF excerpt omitted in delivery snapshot],,,Dfb76bf848dd2,62,Blockchain-based_Security_Framework_for_Metaverse_A_Decentralized_Approach_compressed.pdf,highly relevant platform/security evidence,6,4287,352
DOC_Dfd64df1a4eaf,Dfd64df1a4eaf: Advanced Encryption Using Generative Adversarial Network for...,document,[PDF excerpt omitted in delivery snapshot],,,Dfd64df1a4eaf,63,Advanced_Encryption_Using_Generative_Adversarial_Network_for_Enhancing_Security_of_Non-Fungible_Tokens_NFTs_compressed.pdf,highly relevant platform/security evidence,16,10516,373
DOC_Dfdc0a7ab21ac,Dfdc0a7ab21ac: Opportunities to future crime Scoping the future of money...,document,[PDF excerpt omitted in delivery snapshot],,,Dfdc0a7ab21ac,64,Opportunities to future crime_ Scoping the future of money laundering and terrorist financing through cryptoassets_compressed.pdf,primary financial-crime/crypto evidence,24,20107,1342
DOC_Dfed6d84a0e4f,Dfed6d84a0e4f: Is the metaverse failing,document,[PDF excerpt omitted in delivery snapshot],,,Dfed6d84a0e4f,65,Is the metaverse failing.pdf,highly relevant platform/security evidence,14,16571,540
