doc_id,filename,pages,extracted_words,relevance,evidence_score,metaverse_platform_features,crypto_ecosystem_features,financial_crime_opportunities,modelling_analysis_intervention,top_terms_metaverse_platform_features,top_terms_crypto_ecosystem_features,top_terms_financial_crime_opportunities,top_terms_modelling_analysis_intervention
D001_a_mini_review_on_purchaser_security_in_the_metaverse_extract,A Mini Review on Purchaser Security in the Metaverse - extracted chapter.pdf,14,3863,primary financial-crime/crypto evidence,369,243,37,46,43,metaverse:104; privacy:39; identity:23; ai:12; nfts:10; immersive:8; ar:7; vr:6,blockchain:17; smart contracts:4; transactions:4; cryptocurrency:2; exchanges:2; token:2; tokens:2; smart contract:2,fraud:16; theft:15; phishing:4; cybercrime:4; scams:2; money laundering:1; laundering:1; financial crimes:1,ai:12; regulatory:9; regulation:7; governance:6; detection:3; monitoring:2; kyc:1; know your customer:1
D002_a_prelude_to_cybersecurity_challenges_in_the_metaverse_extra,A Prelude to Cybersecurity Challenges in the Metaverse - extracted chapter.pdf,22,9993,primary financial-crime/crypto evidence,590,422,42,90,36,metaverse:224; vr:29; ar:26; nfts:19; xr:17; nft:13; avatars:12; identity:10,blockchain:9; transactions:8; crypto:5; exchange:4; exchanges:3; token:3; tokens:3; cryptocurrency:2,fraud:15; cybercrime:13; ransomware:11; crime:9; phishing:7; illegal:7; theft:6; ransom:5,network:10; monitoring:4; detection:3; detect:3; machine learning:3; artificial intelligence:3; risk:3; prevention:2
D003_a_blockchain_based_signature_exchange_protocol_for_metaverse,A blockchain-based signature exchange protocol for metaverse_compressed.pdf,11,3870,highly relevant platform/security evidence,100,19,74,0,7,privacy:7; metaverse:6; nft:3; virtual worlds:1; nfts:1; iot:1,exchange:30; blockchain:21; smart contract:6; tokens:4; transaction:4; smart contracts:3; gas:2; crypto:1,,network:6; artificial intelligence:1
D004_ai_based_malicious_bitcoin_transaction_detection_framework_f,AI-based_Malicious_Bitcoin_Transaction_Detection_Framework_for_Real_Estate_in_Metaverse_compressed.pdf,6,3808,highly relevant platform/security evidence,221,63,86,6,66,metaverse:30; ai:12; vr:4; ar:4; virtual real estate:3; privacy:3; gaming:2; 3d:1,transactions:55; transaction:16; blockchain:10; cryptocurrencies:1; crypto:1; exchanges:1; smart contracts:1; ledger:1,fraud:6,risk:23; ai:12; detection:7; ml:7; detect:4; compliance:3; machine learning:2; artificial intelligence:2
D005_a_smart_contract_based_authentication_scheme_for_securing_me,A_Smart_Contract-Based_Authentication_Scheme_for_Securing_Metaverse_Environment_in_Web_3.0_compressed.pdf,11,7829,highly relevant platform/security evidence,347,205,107,4,31,metaverse:60; avatar:58; identity:21; avatars:11; privacy:11; xr:9; interoperability:7; iot:4,blockchain:42; smart contract:30; smart contracts:9; gas:8; transactions:7; oracle:4; exchange:2; transaction:2,fraud:2; theft:2,network:20; ai:4; artificial intelligence:2; monitoring:1; detection:1; detect:1; traceability:1; risk:1
D006_a_privacy_awareness_framework_for_nft_avatars_in_the_metaver,A_privacy_awareness_framework_for_NFT_avatars_in_the_metaverse_compressed.pdf,5,4388,highly relevant platform/security evidence,293,235,15,0,43,privacy:60; nft:44; metaverse:41; avatars:35; avatar:24; virtual world:20; virtual worlds:4; nfts:4,blockchain:6; smart contracts:3; token:2; wallet:1; wallets:1; tokens:1; smart contract:1,,ml:25; machine learning:5; risk:5; network:4; detection:2; detect:1; governance:1
D007_accounting_profession_in_metaverse_era_nft_compressed,Accounting Profession in Metaverse Era - NFT_compressed.pdf,8,6214,primary financial-crime/crypto evidence,366,262,45,27,32,metaverse:96; nft:83; nfts:53; virtual world:6; avatars:6; ar:3; 3d:3; avatar:2,blockchain:14; cryptocurrency:6; tokens:5; cryptocurrencies:4; wallet:4; crypto:3; transactions:3; wallets:2,money laundering:6; laundering:6; financial crimes:4; tax evasion:3; fraud:2; scams:2; financial crime:1; illegal:1,audit:20; risk:4; regulation:3; artificial intelligence:2; regulatory:1; monitoring:1; ai:1
D008_advanced_encryption_using_generative_adversarial_network_for,Advanced_Encryption_Using_Generative_Adversarial_Network_for_Enhancing_Security_of_Non-Fungible_Tokens_NFTs_compressed.pdf,16,9408,highly relevant platform/security evidence,374,169,146,9,50,nft:76; nfts:56; ai:11; privacy:10; metaverse:4; spatial:4; 3d:2; marketplace:2,blockchain:52; off-chain:12; on-chain:10; transactions:10; transaction:9; token:8; tokens:8; wallet:6,theft:5; fraud:1; phishing:1; illicit:1; illegal:1,network:12; ai:11; risk:6; graph:5; monitoring:4; machine learning:4; detection:3; artificial intelligence:2
D009_artificial_intelligence_based_cybersecurity_for_the_metavers,Artificial_Intelligence-Based_Cybersecurity_for_the_Metaverse_Research_Challenges_and_Opportunities_compressed.pdf,45,32990,primary financial-crime/crypto evidence,2218,1374,206,91,547,metaverse:500; ai:197; nft:109; privacy:108; identity:61; nfts:59; vr:50; iot:42,blockchain:82; transactions:30; smart contract:13; wallet:11; tokens:11; cryptocurrencies:10; crypto:10; cryptocurrency:8,fraud:24; phishing:21; theft:14; crime:7; illegal:6; ransomware:6; scams:5; cybercrime:4,ai:197; detection:144; network:57; ml:30; artificial intelligence:22; machine learning:19; detect:15; anomaly:15
D010_blockchain_for_the_metaverse_recent_advances_taxonomy_and_fu,Blockchain for the metaverse_ Recent advances taxonomy and future challenges_compressed.pdf,32,28574,primary financial-crime/crypto evidence,2499,1199,960,35,305,metaverse:677; identity:80; privacy:49; ai:43; interoperability:41; virtual worlds:33; immersive:27; vr:26,blockchain:393; token:108; dao:77; tokens:65; transactions:59; daos:54; crypto:30; smart contracts:28,theft:11; fraud:9; phishing:4; money laundering:3; laundering:3; aml:3; cybercrime:1; crime:1,network:92; governance:51; ai:43; traceability:20; regulatory:16; detection:15; compliance:12; artificial intelligence:11
D011_blockchain_based_privacy_preserving_and_accountable_mobile_e,Blockchain-Based_Privacy-Preserving_and_Accountable_Mobile_Edge_Outsourcing_Computing_Framework_for_the_Metaverse_compressed.pdf,14,10611,highly relevant platform/security evidence,408,120,247,1,40,privacy:67; metaverse:24; edge computing:14; iot:6; identity:3; vr:2; ar:2; immersive:1,blockchain:93; smart contracts:39; off-chain:36; smart contract:30; transaction:13; transactions:12; on-chain:8; token:6,fraud:1,network:22; monitoring:9; detection:4; machine learning:2; risk:2; detect:1
D012_blockchain_based_trust_management_for_virtual_entities_in_th,Blockchain-Based_Trust_Management_for_Virtual_Entities_in_the_Metaverse_A_Model_for_Avatar_and_Virtual_Organization_Interactions_compressed.pdf,25,15849,highly relevant platform/security evidence,588,189,280,2,117,metaverse:133; avatars:19; avatar:10; iot:9; ai:5; identity:4; interoperability:2; privacy:2,blockchain:157; gas:40; transaction:28; transactions:24; smart contracts:13; smart contract:8; ledger:4; oracle:3,fraud:2,network:50; detection:33; detect:14; ai:5; risk:5; intervention:3; graph:2; governance:2
D013_blockchain_empowered_privacy_preserving_digital_object_tradi,Blockchain-Empowered_Privacy-Preserving_Digital_Object_Trading_in_the_Metaverse_compressed.pdf,10,6247,highly relevant platform/security evidence,395,123,261,2,9,nft:41; privacy:22; metaverse:15; immersive:14; nfts:6; anonymous:6; xr:4; avatars:3,token:66; transaction:62; blockchain:45; transactions:30; ledger:15; gas:12; smart contract:11; tokens:8,illegal:2,network:8; traceable:1
D014_blockchain_based_asset_storage_and_service_mechanism_to_meta,Blockchain-based asset storage and service mechanism to metaverse universe_ Metarepo_compressed.pdf,17,4784,highly relevant platform/security evidence,161,66,68,1,26,metaverse:35; iot:8; avatars:5; 3d:4; ai:4; nft:2; virtual world:1; virtual worlds:1,blockchain:32; transaction:13; transactions:5; cryptocurrency:4; wallets:3; wallet:2; gas:2; exchange:1,fraud:1,network:13; ai:4; traceability:3; artificial intelligence:3; detect:2; graph:1
D015_blockchain_based_security_framework_for_metaverse_a_decentra,Blockchain-based_Security_Framework_for_Metaverse_A_Decentralized_Approach_compressed.pdf,6,4250,highly relevant platform/security evidence,321,172,119,10,20,metaverse:109; privacy:20; identity:11; virtual asset:8; interoperability:6; virtual world:5; vr:4; virtual worlds:2,blockchain:88; transactions:17; smart contracts:5; transaction:5; exchanges:2; tokens:1; ledger:1,fraud:6; theft:4,network:10; governance:6; machine learning:1; artificial intelligence:1; ai:1; identity verification:1
D016_bridging_law_and_machine_learning_a_cybersecure_model_for_cl,Bridging Law and Machine Learning_ A Cybersecure Model for Classifying Digital Real Estate Contracts in the Metaverse_compressed.pdf,15,7651,highly relevant platform/security evidence,349,163,95,6,85,metaverse:99; ai:23; virtual real estate:7; nfts:4; immersive:3; nft:3; marketplace:3; identity:3,blockchain:29; transaction:27; smart contracts:12; smart contract:10; transactions:5; crypto:4; tokens:4; cryptocurrency:1,fraud:2; money laundering:1; laundering:1; financial crimes:1; crime:1,ai:23; machine learning:15; artificial intelligence:11; regulatory:9; ml:7; governance:6; detection:5; regulation:4
D017_challenges_and_opportunities_of_integrating_non_fungible_tok,Challenges_and_Opportunities_of_Integrating_Non-Fungible_Tokens_NFTs_and_Self-Sovereign_AI_SSAI_in_Blockchain-Based_Metaverse_Projects_compressed.pdf,9,6507,highly relevant platform/security evidence,620,381,109,8,122,metaverse:105; ai:91; nfts:49; privacy:28; nft:21; avatars:13; interoperability:13; immersive:10,blockchain:62; transactions:8; tokens:6; cryptocurrency:5; cryptocurrencies:5; defi:4; token:4; smart contracts:4,phishing:3; fraud:2; scams:2; theft:1,ai:91; governance:15; regulation:3; regulatory:3; network:3; detection:2; analytics:2; artificial intelligence:1
D018_criminology_towards_the_metaverse_cryptocurrency_scams_grey_,"Criminology Towards the Metaverse_ Cryptocurrency Scams, Grey Economy and the Technosocial_compressed.pdf",16,10051,primary financial-crime/crypto evidence,437,46,172,194,25,metaverse:29; marketplace:4; identity:4; gaming:2; virtual world:1; virtual worlds:1; avatar:1; avatars:1,crypto:76; tokens:27; cryptocurrency:15; token:11; dex:9; wallet:8; defi:6; cryptocurrencies:4,scams:60; crime:46; scam:30; fraud:26; illicit:10; cybercrime:9; illegal:5; financial crime:3,risk:13; regulation:3; prevention:3; regulatory:2; network:2; governance:2
D019_decentralized_autonomous_organizations_review_importance_and,Decentralized_autonomous_organizations_review_importance_and_applications_compressed.pdf,6,3759,highly relevant platform/security evidence,227,30,156,0,41,metaverse:20; ar:3; vr:2; privacy:2; immersive:1; nfts:1; ai:1,blockchain:50; daos:21; dao:20; smart contracts:12; transactions:12; smart contract:9; ledger:8; cryptocurrency:6,,governance:21; network:15; artificial intelligence:3; ai:1; intervention:1
D020_demystifying_opportunities_and_risk_for_businesses_a_qualita,Demystifying opportunities and risk for businesses_ A qualitative enquiry_compressed.pdf,12,4941,highly relevant platform/security evidence,251,198,20,2,31,metaverse:127; immersive:21; privacy:10; nfts:7; avatars:6; vr:6; gaming:6; virtual worlds:3,blockchain:9; cryptocurrencies:4; transactions:3; tokens:2; cryptocurrency:1; gas:1,fraud:1; theft:1,risk:12; regulatory:7; governance:4; ai:3; compliance:2; artificial intelligence:2; regulation:1
D021_design_of_secure_mutual_authentication_scheme_for_metaverse_,Design_of_Secure_Mutual_Authentication_Scheme_for_Metaverse_Environments_Using_Blockchain_compressed.pdf,15,9192,highly relevant platform/security evidence,278,202,68,3,5,metaverse:68; avatar:54; identity:30; avatars:23; privacy:8; iot:7; virtual worlds:2; immersive:2,blockchain:63; exchange:3; bridges:1; ledger:1,theft:2; fraud:1,detection:1; ai:1; network:1; risk:1; governance:1
D022_detecting_smart_contract_project_anomalies_in_metaverse_comp,Detecting_Smart_Contract_Project_Anomalies_in_Metaverse_compressed.pdf,9,6591,highly relevant platform/security evidence,422,29,267,9,117,metaverse:14; nft:5; iot:3; virtual assets:2; identity:1; anonymous:1; privacy:1; gaming:1,smart contract:90; transactions:58; transaction:45; smart contracts:24; blockchain:22; defi:10; token:7; tokens:3,phishing:3; scams:2; fraud:1; scam:1; illegal:1; market manipulation:1,graph:43; network:26; detection:20; detect:13; anomaly:11; risk:2; machine learning:1; ai:1
D023_eden_an_edge_computing_empowered_proof_of_personhood_protoco,Eden_An_Edge_Computing_Empowered_Proof-of-Personhood_Protocol_for_Anti-Sybil_in_Blockchain-based_Metaverse_compressed.pdf,8,5713,highly relevant platform/security evidence,363,125,191,5,42,metaverse:69; edge computing:13; ai:12; privacy:8; identity:7; nfts:3; avatars:2; immersive:2,wallet:44; wallets:36; blockchain:32; transaction:22; tokens:14; token:12; on-chain:12; transactions:10,illegal:3; laundering:1; fraud:1,network:18; ai:12; detection:4; detect:4; machine learning:1; ml:1; artificial intelligence:1; graph:1
D024_efficient_post_quantum_attribute_based_access_control_scheme,Efficient post-quantum attribute-based access control scheme for blockchain-empowered metaverse data management_compressed.pdf,15,12048,highly relevant platform/security evidence,195,122,56,0,17,metaverse:58; privacy:32; identity:15; avatars:5; avatar:4; immersive:3; xr:2; ai:2,blockchain:35; token:8; smart contract:4; smart contracts:2; transactions:2; oracle:2; crypto:1; defi:1,,network:3; traceability:2; artificial intelligence:2; ai:2; governance:2; supervision:2; traceable:1; risk:1
D025_enhancing_identity_security_in_the_metaverse_solutions_using,Enhancing_Identity_Security_in_the_Metaverse_Solutions_Using_AI_Blockchain_and_NFTs_compressed.pdf,6,3826,primary financial-crime/crypto evidence,488,260,96,21,111,metaverse:59; ai:56; identity:54; nfts:35; nft:24; marketplace:5; interoperability:5; privacy:5,blockchain:71; ledger:7; transactions:6; smart contracts:5; tokens:3; transaction:2; defi:1; smart contract:1,fraud:13; theft:6; phishing:2,ai:56; detection:14; identity verification:10; anomaly:9; detect:5; prevention:5; regulatory:2; compliance:2
D026_ethical_and_legal_challenges_of_nfts_chapter_extracted,Ethical_and_Legal_Challenges_of_NFTs_chapter_extracted.pdf,15,5784,highly relevant platform/security evidence,401,292,80,10,19,metaverse:117; nfts:100; nft:38; privacy:9; immersive:6; virtual world:4; virtual worlds:3; identity:3,blockchain:36; tokens:18; cryptocurrency:8; token:7; cryptocurrencies:3; crypto:2; transaction:2; transactions:2,fraud:3; laundering:2; theft:2; money laundering:1; market manipulation:1; crime:1,regulatory:5; risk:3; governance:3; regulation:2; machine learning:2; prevention:2; ai:1; network:1
D027_exploring_nfts_and_metaverse_collaborations_innovations_oppo,Exploring-NFTs-and-Metaverse-Collaborations_-Innovations-Opportunities-and-Challenges_compressed.pdf,22,7589,highly relevant platform/security evidence,493,358,80,12,43,metaverse:118; nfts:106; nft:72; ai:10; immersive:7; gaming:7; virtual worlds:6; virtual world:5,blockchain:32; tokens:11; transactions:10; token:6; smart contracts:5; cryptocurrencies:4; transaction:4; cryptocurrency:3,fraud:3; scam:2; phishing:2; cybercrime:2; money laundering:1; laundering:1; theft:1,ai:10; regulatory:9; network:6; regulation:5; artificial intelligence:3; risk:3; machine learning:2; governance:2
D028_financial_cybercrime_in_the_islamic_finance_metaverse_compre,Financial cybercrime in the Islamic Finance Metaverse_compressed.pdf,6,4407,primary financial-crime/crypto evidence,306,83,82,96,45,metaverse:56; virtual world:6; nft:5; immersive:2; 3d:2; virtual asset:2; virtual assets:2; identity:2,cryptocurrencies:22; transactions:19; transaction:10; tokens:8; blockchain:7; cryptocurrency:3; crypto:2; wallet:2,fraud:20; crime:20; cybercrime:19; financial crime:8; financial crimes:6; money laundering:5; laundering:5; phishing:4,risk:11; network:5; compliance:4; detection:4; analytics:4; regulatory:3; monitoring:3; artificial intelligence:2
D029_freedom_and_restraint_in_dark_forest_a_peek_at_the_metaverse,Freedom_and_Restraint_in_Dark_Forest_A_Peek_at_the_Metaverse_Through_a_Blockchain_Game_compressed.pdf,12,9938,highly relevant platform/security evidence,127,40,81,1,5,metaverse:15; nft:6; nfts:5; gaming:4; immersive:3; avatars:2; privacy:2; virtual world:1,blockchain:42; transactions:10; dao:6; cryptocurrency:3; smart contracts:3; daos:3; transaction:3; cryptocurrencies:2,fraud:1,network:5
D030_fusing_blockchain_and_ai_with_metaverse_a_survey_compressed,Fusing_Blockchain_and_AI_With_Metaverse_A_Survey_compressed.pdf,15,11318,highly relevant platform/security evidence,809,431,256,6,116,metaverse:226; ai:67; virtual world:20; avatar:16; avatars:14; privacy:14; nft:11; iot:10,blockchain:123; transactions:22; transaction:19; cryptocurrency:15; exchange:14; cryptocurrencies:11; tokens:10; smart contracts:6,money laundering:1; laundering:1; fraud:1; scams:1; theft:1; market manipulation:1,ai:67; network:17; machine learning:13; analytics:4; governance:3; detection:2; ml:2; artificial intelligence:2
D031_jurisdictional_challenges_in_metaverse_chapter,Jurisdictional_Challenges_in_Metaverse_chapter.pdf,11,4395,highly relevant platform/security evidence,178,117,5,35,21,metaverse:84; privacy:19; identity:3; virtual world:2; nfts:2; persistent:2; avatar:1; avatars:1,cryptocurrencies:2; transactions:2; blockchain:1,fraud:12; cybercrime:7; illegal:5; theft:4; crime:4; laundering:2; money laundering:1,regulation:10; risk:5; regulatory:4; compliance:2
D032_legal_challenges_of_intellectual_property_in_the_metaverse_u,Legal_Challenges_of_Intellectual_Property_in_the_Metaverse_Under_UAE_Intellectual_Property_Law_Trademarks_Copyrights_Patents_compressed.pdf,7,5902,highly relevant platform/security evidence,199,171,17,2,9,metaverse:105; virtual world:16; virtual worlds:11; 3d:8; nfts:8; avatars:4; virtual property:4; ai:4,tokens:7; blockchain:4; transactions:3; cryptocurrencies:2; crypto:1,illegal:1; crime:1,ai:4; regulation:1; monitoring:1; machine learning:1; artificial intelligence:1; graph:1
D033_legalities_in_metaverse_ethereum_fraud_detection_compressed,Legalities_in_Metaverse__Ethereum_Fraud_Detection_compressed.pdf,14,7774,primary financial-crime/crypto evidence,421,72,109,104,136,metaverse:53; immersive:6; virtual world:4; privacy:4; avatar:1; avatars:1; vr:1; ar:1,transactions:43; blockchain:23; transaction:16; cryptocurrency:13; smart contracts:4; cryptocurrencies:3; tokens:3; smart contract:2,fraud:96; phishing:3; scams:2; illicit:1; cybercrime:1; theft:1,detection:53; network:39; machine learning:28; graph:6; detect:4; regulatory:1; monitoring:1; anomaly:1
D034_metaseen_analyzing_network_traffic_and_privacy_policies_in_w,METAseen_ analyzing network traffic and privacy policies in Web 3.0 based Metaverse_compressed.pdf,13,11082,highly relevant platform/security evidence,661,439,150,2,70,metaverse:229; privacy:123; identity:13; vr:12; 3d:10; avatar:6; virtual world:5; nft:5,blockchain:63; wallet:32; smart contract:19; cryptocurrency:8; token:8; crypto:4; on-chain:3; transaction:3,phishing:1; theft:1,network:30; analytics:8; graph:7; regulation:5; ai:5; monitoring:4; detection:4; compliance:2
D035_meta_governance_blockchain_driven_metaverse_platform_for_mit,Meta-Governance_Blockchain-Driven_Metaverse_Platform_for_Mitigating_Misbehavior_Using_Smart_Contract_and_AI_compressed.pdf,15,9903,highly relevant platform/security evidence,520,176,148,1,195,metaverse:107; ai:31; privacy:9; immersive:6; avatars:5; identity:5; avatar:4; iot:4,blockchain:81; smart contracts:25; smart contract:23; transactions:10; transaction:4; wallet:2; tokens:2; daos:1,illegal:1,governance:70; ai:31; network:28; detection:23; monitoring:14; detect:6; risk:5; intervention:4
D036_metal_a_fully_decentralized_user_driven_access_control_schem,MetaL_A_Fully_Decentralized_User-Driven_Access_Control_Scheme_for_Metaverse_Utilizing_MC-ABE_and_Sharding_Blockchain_compressed.pdf,9,7077,highly relevant platform/security evidence,154,58,75,0,21,metaverse:37; privacy:7; iot:3; vr:2; ar:2; identity:2; edge computing:2; digital twin:1,blockchain:56; transaction:6; transactions:4; ledger:3; exchange:2; off-chain:2; crypto:1; smart contracts:1,,network:18; artificial intelligence:1; ai:1; identity verification:1
D037_metaverse_ethical_challenges_of_the_tokenisation_of_the_econ,Metaverse_ ethical challenges of the tokenisation of the economy_NON_ENGLISH_PAPER_compressed.pdf,20,10700,highly relevant platform/security evidence,150,106,38,0,6,nft:55; metaverse:27; nfts:9; avatar:5; vr:3; xr:2; immersive:2; 3d:1,blockchain:17; tokens:9; token:5; cryptocurrencies:4; crypto:2; cryptocurrency:1,,network:3; governance:2; risk:1
D038_metaverse_the_potential_threats_in_the_virtual_world_chapter,Metaverse_The_Potential_Threats_in_the_Virtual_World_chapter_pages_84-92.pdf,9,2650,highly relevant platform/security evidence,189,143,38,0,8,metaverse:74; virtual world:12; vr:10; privacy:10; nft:9; nfts:8; ai:6; avatars:3,blockchain:22; cryptocurrencies:3; wallet:3; tokens:3; transactions:3; cryptocurrency:1; token:1; smart contracts:1,,ai:6; network:1; governance:1
D039_modelling_btc_networks,Modelling BTC networks.pdf,33,15923,highly relevant platform/security evidence,496,187,137,10,162,metaverse:88; privacy:73; vr:5; ar:5; iot:3; virtual world:2; 3d:2; nfts:2,blockchain:52; transactions:25; transaction:17; cryptocurrency:9; cryptocurrencies:6; wallets:6; wallet:4; ledger:4,theft:3; money laundering:2; laundering:2; aml:2; ransomware:1,network:113; graph:21; machine learning:7; risk:4; compliance:3; monitoring:3; detection:2; ai:2
D040_money_possessions_and_ownership_in_the_metaverse_nfts_crypto,"Money, possessions, and ownership in the Metaverse_ NFTs, cryptocurrencies, Web3 and Wild Markets_compressed.pdf",8,8217,highly relevant platform/security evidence,362,283,65,13,1,metaverse:101; nfts:63; nft:44; avatar:14; gaming:12; virtual worlds:9; avatars:9; virtual property:7,blockchain:15; crypto:14; cryptocurrencies:12; tokens:8; cryptocurrency:6; smart contracts:3; transactions:2; exchanges:1,theft:5; laundering:3; money laundering:2; fraud:2; crime:1,regulatory:1
D041_nft_based_digital_identity_authentication_framework_for_the_,NFT-Based_Digital_Identity_Authentication_Framework_for_the_Metaverse_Environments_compressed.pdf,9,5827,highly relevant platform/security evidence,320,245,52,6,17,metaverse:76; identity:47; nft:38; privacy:20; avatar:17; immersive:7; iot:7; nfts:5,blockchain:26; token:9; transactions:7; tokens:5; smart contract:5,phishing:2; theft:2; fraud:1; cybercrime:1,ai:5; network:5; risk:4; monitoring:2; detect:1
D042_nfts_for_accessing_monetizing_and_teleporting_digital_twins_,"NFTs for accessing, monetizing, and teleporting digital twins and digital artifacts in the metaverse_compressed.pdf",16,11058,highly relevant platform/security evidence,887,458,353,0,76,nft:217; metaverse:112; nfts:54; digital twins:18; 3d:14; interoperability:12; digital twin:7; immersive:5,blockchain:125; bridge:49; token:43; smart contracts:35; smart contract:27; oracle:16; gas:16; transactions:10,,network:53; traceability:9; monitoring:3; traceable:3; ai:2; supervision:2; detection:1; analytics:1
D043_nfts_for_combating_deepfakes_and_fake_metaverse_digital_cont,NFTs for combating deepfakes and fake metaverse digital contents_compressed.pdf,24,12719,highly relevant platform/security evidence,584,282,226,8,68,nft:114; nfts:86; metaverse:36; identity:11; marketplace:9; interoperability:7; iot:5; ai:3,blockchain:80; smart contract:24; transaction:22; gas:21; off-chain:19; smart contracts:16; token:13; tokens:8,fraud:6; theft:2,detection:18; machine learning:13; traceability:7; network:7; artificial intelligence:5; detect:3; ai:3; risk:3
D044_navigating_consumer_rights_and_ethical_advertising_in_the_me,Navigating_Consumer_Rights_and_Ethical_Advertising_in_the_Metaverse_chapter.pdf,10,3683,highly relevant platform/security evidence,165,69,77,6,13,metaverse:63; privacy:3; virtual world:1; avatars:1; virtual real estate:1,transactions:33; cryptocurrency:29; blockchain:6; cryptocurrencies:5; crypto:2; transaction:2,fraud:3; money laundering:1; laundering:1; market manipulation:1,regulation:4; regulatory:3; network:1; risk:1; intervention:1; governance:1; prevention:1; supervision:1
D045_opportunities_to_future_crime_scoping_the_future_of_money_la,Opportunities to future crime_ Scoping the future of money laundering and terrorist financing through cryptoassets_compressed.pdf,24,19120,primary financial-crime/crypto evidence,1357,178,561,371,247,nfts:56; privacy:35; nft:30; metaverse:24; virtual asset:6; identity:6; gaming:5; interoperability:4,crypto:162; defi:49; wallets:35; blockchain:29; transactions:29; cryptocurrency:28; mixers:26; exchange:22,crime:109; illicit:54; laundering:49; money laundering:32; sanctions:21; aml:17; terrorist financing:16; cybercrime:12,ml:89; risk:43; prevention:29; regulation:21; regulatory:9; kyc:8; compliance:8; detection:8
D046_seamless_asset_exchange_in_interconnected_metaverses_unravel,Seamless_Asset_Exchange_in_Interconnected_Metaverses_Unraveling_On-Chain_Atomic_Swap_compressed.pdf,10,7281,highly relevant platform/security evidence,366,138,211,0,17,metaverse:63; interoperability:22; nft:14; privacy:7; nfts:6; gaming:5; avatar:4; 3d:4,transaction:42; blockchain:37; exchange:22; token:14; smart contracts:14; smart contract:13; tokens:11; on-chain:11,,graph:8; network:7; detection:1; risk:1
D047_securing_the_metaverse_chapter_extracted,Securing_the_Metaverse_chapter_extracted.pdf,11,3242,highly relevant platform/security evidence,188,50,111,6,21,metaverse:31; virtual world:6; virtual assets:4; privacy:4; avatar:2; nft:1; interoperability:1; gaming:1,blockchain:90; transactions:9; transaction:5; ledger:2; cryptocurrency:1; exchange:1; tokens:1; smart contracts:1,fraud:3; financial crimes:1; scam:1; theft:1,network:18; risk:2; monitoring:1
D048_stylized_facts_of_metaverse_non_fungible_tokens_compressed,Stylized facts of metaverse non-fungible tokens_compressed.pdf,29,18036,primary financial-crime/crypto evidence,939,604,249,19,67,metaverse:243; nfts:131; nft:100; vr:26; gaming:18; immersive:12; ar:11; privacy:10,blockchain:52; tokens:47; token:46; cryptocurrency:23; cryptocurrencies:22; transactions:11; exchange:8; defi:6,crime:5; fraud:3; financial crime:2; theft:2; market manipulation:2; money laundering:1; laundering:1; financial crimes:1,network:10; risk:10; ai:9; machine learning:8; regulation:6; artificial intelligence:6; ml:5; regulatory:4
D049_the_digital_payment_revolution_in_the_metaverse_a_systematic,"The Digital Payment Revolution in the Metaverse_ A Systematic Review of Emerging Technologies, Challenges, and Future Directions_compressed.pdf",17,9320,highly relevant platform/security evidence,405,221,82,13,89,metaverse:140; ai:40; vr:8; ar:7; immersive:6; privacy:5; virtual worlds:3; digital twins:2,blockchain:37; transactions:18; defi:7; smart contracts:5; cryptocurrency:4; transaction:3; cryptocurrencies:2; ledger:2,fraud:9; financial crime:2; crime:2,ai:40; network:15; regulatory:9; artificial intelligence:7; detection:3; risk:3; governance:3; supervision:3
D050_the_new_economic_models_of_metaverse_and_its_implications_in,The New Economic Models of Metaverse and Its Implications in International Financial Markets_chapter.pdf,10,4387,highly relevant platform/security evidence,252,186,50,8,8,metaverse:142; nfts:10; privacy:5; vr:4; nft:4; identity:4; virtual world:2; ar:2,blockchain:30; transactions:5; smart contracts:3; transaction:3; cryptocurrencies:2; exchange:2; tokens:2; cryptocurrency:1,fraud:2; scam:2; money laundering:1; laundering:1; illegal:1; crime:1,ai:2; risk:2; regulatory:1; traceable:1; machine learning:1; supervision:1
D051_the_study_of_defi_in_virtual_community_and_financial_supervi,The Study of DeFi in Virtual Community and Financial Supervision_compressed.pdf,8,5431,highly relevant platform/security evidence,398,44,258,10,86,metaverse:18; virtual world:7; nft:5; identity:3; privacy:3; avatars:2; vr:1; ar:1,blockchain:89; defi:50; smart contracts:16; smart contract:10; ledger:10; tokens:9; transaction:9; cryptocurrency:8,money laundering:3; laundering:3; aml:2; cft:2,supervision:36; regulatory:11; network:11; regulation:6; risk:6; compliance:3; governance:3; prevention:3
D052_the_technological_innovation_of_the_metaverse_in_financial_c,The Technological Innovation of the Metaverse in Financial_compressed.pdf,17,12454,highly relevant platform/security evidence,517,344,105,3,65,metaverse:199; vr:15; ai:15; iot:14; virtual world:13; ar:13; immersive:12; 3d:12,blockchain:43; transactions:12; defi:11; cryptocurrencies:10; transaction:8; cryptocurrency:6; smart contract:6; token:3,fraud:2; cybercrime:1,ai:15; network:12; compliance:9; risk:9; regulatory:8; artificial intelligence:3; governance:2; supervision:2
D053_the_effects_of_non_fungible_token_platform_affordances_on_cu,The effects of non-fungible token platform affordances on customer loyalty_ A Buyer-Creator duality perspective_compressed.pdf,16,12365,highly relevant platform/security evidence,390,266,109,2,13,nft:132; nfts:85; metaverse:24; marketplace:4; identity:4; immersive:3; 3d:3; virtual real estate:2,transaction:34; transactions:15; blockchain:14; exchange:13; tokens:9; token:8; cryptocurrency:5; cryptocurrencies:4,fraud:1; theft:1,network:5; regulation:2; risk:2; typology:2; detect:1; analytics:1
D054_the_rise_and_fall_of_cryptocurrencies,The rise and fall of cryptocurrencies.pdf,34,16953,primary financial-crime/crypto evidence,855,116,595,16,128,iot:55; metaverse:34; privacy:10; nfts:5; interoperability:3; ai:3; marketplace:2; vr:1,blockchain:152; crypto:146; cryptocurrencies:78; cryptocurrency:48; exchanges:40; transactions:19; exchange:17; defi:14,money laundering:3; laundering:3; crime:3; illicit:2; theft:2; aml:1; fraud:1; sanctions:1,risk:43; regulation:13; regulatory:11; compliance:11; machine learning:11; network:11; governance:7; kyc:4
D055_the_metaverse_applications_for_the_finance_industry_its_chal,The_metaverse_applications_for_the_finance_industry_its_challenges_and_an_approach_for_the_metaverse_finance_industry_compressed.pdf,4,2795,primary financial-crime/crypto evidence,245,153,44,18,30,metaverse:99; ai:13; vr:8; ar:7; identity:5; virtual world:3; nfts:3; iot:3,blockchain:16; transactions:16; tokens:3; cryptocurrencies:2; crypto:2; token:2; ledger:2; transaction:1,fraud:14; theft:4,ai:13; detection:5; artificial intelligence:5; machine learning:3; prevention:2; regulation:1; detect:1
D056_towards_secure_ai_driven_industrial_metaverse_with_nft_digit,Towards_Secure_AI-driven_Industrial_Metaverse_with_NFT_Digital_Twins_compressed.pdf,9,6247,highly relevant platform/security evidence,321,246,32,0,43,nft:84; metaverse:68; nfts:22; avatars:20; digital twins:12; digital twin:8; privacy:6; ai:6,blockchain:13; smart contracts:10; tokens:3; smart contract:3; token:2; crypto:1,,detection:13; network:7; ai:6; detect:5; traceability:3; monitoring:2; machine learning:2; risk:2
D057_trusted_ai_with_blockchain_to_empower_metaverse_compressed,Trusted_AI_with_Blockchain_to_Empower_Metaverse_compressed.pdf,8,6071,highly relevant platform/security evidence,607,199,242,4,162,ai:95; metaverse:56; immersive:13; virtual world:9; privacy:6; ar:5; vr:4; xr:3,blockchain:91; smart contracts:44; transactions:26; smart contract:25; gas:18; transaction:17; on-chain:9; off-chain:6,fraud:4,ai:95; network:42; artificial intelligence:10; machine learning:9; traceable:2; ml:2; analytics:1; audit:1
D058_unraveling_the_dynamics_of_digital_equality_and_trust_in_ai_,Unraveling the dynamics of digital equality and trust in AI-empowered metaverses and AI-VR-convergence_compressed.pdf,20,15361,highly relevant platform/security evidence,833,505,93,0,235,ai:187; metaverse:168; privacy:48; vr:32; identity:18; immersive:8; nfts:7; ar:5,blockchain:67; defi:11; tokens:4; cryptocurrency:2; cryptocurrencies:2; transactions:2; ledger:2; crypto:1,,ai:187; risk:24; artificial intelligence:16; machine learning:2; network:2; regulatory:1; monitoring:1; graph:1
D059_urban_metaverse_and_blockchain,Urban metaverse and blockchain.pdf,40,27813,primary financial-crime/crypto evidence,1565,1004,288,76,197,metaverse:356; privacy:148; immersive:107; avatars:88; identity:64; ai:63; avatar:34; vr:33,blockchain:150; transactions:39; transaction:15; ledger:14; wallets:10; smart contracts:10; tokens:9; exchange:8,theft:40; fraud:8; phishing:8; ransomware:6; laundering:3; ransom:3; money laundering:2; scams:2,ai:63; network:29; detection:21; ml:18; regulatory:15; detect:9; machine learning:9; risk:6
