topic,topic_label,topic_display,term,raw_term,rank,weight,exclusivity,display_score
1,"Blockchain-based metaverse governance, ownership, and token infrastructure","T1: Blockchain-based metaverse governance, ownership, and token infrastructure",trust,trust,1,0.007334170863032341,0.5821828668906155,0.005342348404610082
1,"Blockchain-based metaverse governance, ownership, and token infrastructure","T1: Blockchain-based metaverse governance, ownership, and token infrastructure",governance,governance,2,0.003370262216776609,0.6675562701807378,0.002641987564597412
1,"Blockchain-based metaverse governance, ownership, and token infrastructure","T1: Blockchain-based metaverse governance, ownership, and token infrastructure",ownership,ownership,3,0.004335956647992134,0.3575060522817508,0.00252516981045476
1,"Blockchain-based metaverse governance, ownership, and token infrastructure","T1: Blockchain-based metaverse governance, ownership, and token infrastructure",metaverse,metaverses,4,0.003201032057404518,0.6270867079174186,0.00242512224572193
1,"Blockchain-based metaverse governance, ownership, and token infrastructure","T1: Blockchain-based metaverse governance, ownership, and token infrastructure",education,education,5,0.003104214323684573,0.4796186260160146,0.002054220368999738
1,"Blockchain-based metaverse governance, ownership, and token infrastructure","T1: Blockchain-based metaverse governance, ownership, and token infrastructure",blockchain network,blockchain_network,6,0.002315531019121408,0.5942824381316493,0.001960620601357034
1,"Blockchain-based metaverse governance, ownership, and token infrastructure","T1: Blockchain-based metaverse governance, ownership, and token infrastructure",token,token,7,0.003857014002278447,0.2153851476477407,0.001889938195531552
1,"Blockchain-based metaverse governance, ownership, and token infrastructure","T1: Blockchain-based metaverse governance, ownership, and token infrastructure",swap,swap,8,0.001902826013974845,0.8698188777917263,0.001741813197161723
1,"Blockchain-based metaverse governance, ownership, and token infrastructure","T1: Blockchain-based metaverse governance, ownership, and token infrastructure",infrastructure,infrastructure,9,0.002342776395380497,0.4588285624298781,0.001518678010014779
1,"Blockchain-based metaverse governance, ownership, and token infrastructure","T1: Blockchain-based metaverse governance, ownership, and token infrastructure",protocol,protocol,10,0.002857357496395707,0.2058745246400371,0.001382442249331621
1,"Blockchain-based metaverse governance, ownership, and token infrastructure","T1: Blockchain-based metaverse governance, ownership, and token infrastructure",contract,contract,11,0.002499056747183204,0.308695031663215,0.00137611002261905
1,"Blockchain-based metaverse governance, ownership, and token infrastructure","T1: Blockchain-based metaverse governance, ownership, and token infrastructure",psychological contract,psychological_contract,12,0.00159808446187526,0.4414974666638654,0.00117062780137582
1,"Blockchain-based metaverse governance, ownership, and token infrastructure","T1: Blockchain-based metaverse governance, ownership, and token infrastructure",digital equality,digital_equality,13,0.001051562372595072,0.9461298373550505,0.001166952471042186
1,"Blockchain-based metaverse governance, ownership, and token infrastructure","T1: Blockchain-based metaverse governance, ownership, and token infrastructure",privacy,privacy,14,0.002382911741733551,0.1907022878171215,0.001129396478136408
1,"Blockchain-based metaverse governance, ownership, and token infrastructure","T1: Blockchain-based metaverse governance, ownership, and token infrastructure",creator,creator,15,0.001861045253463089,0.3509125026491576,0.001075857469545526
2,"Avatar privacy, cyberattack detection, and metaverse security","T2: Avatar privacy, cyberattack detection, and metaverse security",avatar,avatar,1,0.00758670549839735,0.4071777309509163,0.004663286319088749
2,"Avatar privacy, cyberattack detection, and metaverse security","T2: Avatar privacy, cyberattack detection, and metaverse security",attack,attack,2,0.006323640234768391,0.4312801262532557,0.003985993315409137
2,"Avatar privacy, cyberattack detection, and metaverse security","T2: Avatar privacy, cyberattack detection, and metaverse security",prediction,prediction,3,0.003770533483475447,0.5735116347033096,0.002725275853393925
2,"Avatar privacy, cyberattack detection, and metaverse security","T2: Avatar privacy, cyberattack detection, and metaverse security",detection,detection,4,0.003871750552207232,0.346932927857618,0.002228217234030074
2,"Avatar privacy, cyberattack detection, and metaverse security","T2: Avatar privacy, cyberattack detection, and metaverse security",cybersecurity,cybersecurity,5,0.00268646702170372,0.7268236261343779,0.00220944546402963
2,"Avatar privacy, cyberattack detection, and metaverse security","T2: Avatar privacy, cyberattack detection, and metaverse security",authentication,authentication,6,0.002796400105580688,0.2827009243525615,0.00149259421851296
2,"Avatar privacy, cyberattack detection, and metaverse security","T2: Avatar privacy, cyberattack detection, and metaverse security",algorithm,algorithm,7,0.002967523410916328,0.142970316712113,0.001314407239061771
2,"Avatar privacy, cyberattack detection, and metaverse security","T2: Avatar privacy, cyberattack detection, and metaverse security",immersive,immersive,8,0.002056508092209697,0.4205070725134943,0.001281882360619411
2,"Avatar privacy, cyberattack detection, and metaverse security","T2: Avatar privacy, cyberattack detection, and metaverse security",node,node,9,0.0027161855250597,0.178200121823809,0.001265280918221003
2,"Avatar privacy, cyberattack detection, and metaverse security","T2: Avatar privacy, cyberattack detection, and metaverse security",behavioral pattern,behavioral_pattern,10,0.001037348294630647,0.9614241502410942,0.00116303813633415
2,"Avatar privacy, cyberattack detection, and metaverse security","T2: Avatar privacy, cyberattack detection, and metaverse security",urban metaverse,urban_metaverse,11,0.001015647081658244,0.9652850662189322,0.001141638698321417
2,"Avatar privacy, cyberattack detection, and metaverse security","T2: Avatar privacy, cyberattack detection, and metaverse security",risk,risk,12,0.002300125546753407,0.1753930174193951,0.001067270815421228
2,"Avatar privacy, cyberattack detection, and metaverse security","T2: Avatar privacy, cyberattack detection, and metaverse security",urban metaverse cyberspace,urban_metaverse_cyberspace,13,0.0009417249821126461,0.9627365115684746,0.00105675249084201
2,"Avatar privacy, cyberattack detection, and metaverse security","T2: Avatar privacy, cyberattack detection, and metaverse security",ai based,ai_based,14,0.001171338255517185,0.6137368409778829,0.001008836494737269
2,"Avatar privacy, cyberattack detection, and metaverse security","T2: Avatar privacy, cyberattack detection, and metaverse security",immersive device,immersive_device,15,0.000892695679794997,0.9613600376437708,0.001000815970485768
3,"Cryptocurrency networks, wallets, exchanges, and regulatory risk","T3: Cryptocurrency networks, wallets, exchanges, and regulatory risk",Bitcoin network,bitcoin_network,1,0.005617993883788586,0.9759629123418438,0.006359750408299784
3,"Cryptocurrency networks, wallets, exchanges, and regulatory risk","T3: Cryptocurrency networks, wallets, exchanges, and regulatory risk",attribute-based access control,attribute,2,0.005981510505080223,0.4005402486492176,0.003650821885029859
3,"Cryptocurrency networks, wallets, exchanges, and regulatory risk","T3: Cryptocurrency networks, wallets, exchanges, and regulatory risk",wallet,wallet,3,0.004405763000249863,0.5682222217885922,0.00316926113652682
3,"Cryptocurrency networks, wallets, exchanges, and regulatory risk","T3: Cryptocurrency networks, wallets, exchanges, and regulatory risk",classification,classification,4,0.003044770797714591,0.5521678933068811,0.002158465819234752
3,"Cryptocurrency networks, wallets, exchanges, and regulatory risk","T3: Cryptocurrency networks, wallets, exchanges, and regulatory risk",anonymity privacy,anonymity_privacy,5,0.001490580150857568,0.9785478141648496,0.001690264962193411
3,"Cryptocurrency networks, wallets, exchanges, and regulatory risk","T3: Cryptocurrency networks, wallets, exchanges, and regulatory risk",cryptocurrency exchange,cryptocurrency_exchange,6,0.001616966794244945,0.7614467773495449,0.001571176665216471
3,"Cryptocurrency networks, wallets, exchanges, and regulatory risk","T3: Cryptocurrency networks, wallets, exchanges, and regulatory risk",consumer protection,consumer_protection,7,0.0009838266996666789,0.9051183745438096,0.001061623764984079
3,"Cryptocurrency networks, wallets, exchanges, and regulatory risk","T3: Cryptocurrency networks, wallets, exchanges, and regulatory risk",illicit finance,illicit_fund,8,0.0009373229695484042,0.9133615168191122,0.001017218255332286
3,"Cryptocurrency networks, wallets, exchanges, and regulatory risk","T3: Cryptocurrency networks, wallets, exchanges, and regulatory risk",bitcoin address,bitcoin_address,9,0.0008966433233581483,0.9349555786333212,0.0009875443913721258
3,"Cryptocurrency networks, wallets, exchanges, and regulatory risk","T3: Cryptocurrency networks, wallets, exchanges, and regulatory risk",tornado cash,tornado_cash,10,0.0008825571276247501,0.958268511679344,0.0009874099559767841
3,"Cryptocurrency networks, wallets, exchanges, and regulatory risk","T3: Cryptocurrency networks, wallets, exchanges, and regulatory risk",signi cant,signi_cant,11,0.001361056696623564,0.3717055819673765,0.0009259948180940042
3,"Cryptocurrency networks, wallets, exchanges, and regulatory risk","T3: Cryptocurrency networks, wallets, exchanges, and regulatory risk",consumer,consumer,12,0.001716239610686898,0.1948423248292342,0.0008180413389520801
3,"Cryptocurrency networks, wallets, exchanges, and regulatory risk","T3: Cryptocurrency networks, wallets, exchanges, and regulatory risk",legal,legal,13,0.001631411840207875,0.2138006766537625,0.0007977121650420683
3,"Cryptocurrency networks, wallets, exchanges, and regulatory risk","T3: Cryptocurrency networks, wallets, exchanges, and regulatory risk",DeFi,defi,14,0.001205843640491366,0.2681096450271056,0.0006321891759386946
3,"Cryptocurrency networks, wallets, exchanges, and regulatory risk","T3: Cryptocurrency networks, wallets, exchanges, and regulatory risk",restriction apply,restriction_apply,15,0.0008796598413027823,0.1883346700745594,0.000477901744501595
4,"Digital payments, privacy policy, trust, and fraud detection","T4: Digital payments, privacy policy, trust, and fraud detection",privacy policy,privacy_policy,1,0.003434362588450313,0.9415758546077491,0.003799531326567857
4,"Digital payments, privacy policy, trust, and fraud detection","T4: Digital payments, privacy policy, trust, and fraud detection",digital payments,digital_payment,2,0.00249240780249238,0.9757620235803285,0.002821111809011338
4,"Digital payments, privacy policy, trust, and fraud detection","T4: Digital payments, privacy policy, trust, and fraud detection",digital creator,digital_creator,3,0.001967114862054586,0.9775798757970765,0.002229215129115085
4,"Digital payments, privacy policy, trust, and fraud detection","T4: Digital payments, privacy policy, trust, and fraud detection",fraud detection,fraud_detection,4,0.002139409771189094,0.7630601043525086,0.002081404869737714
4,"Digital payments, privacy policy, trust, and fraud detection","T4: Digital payments, privacy policy, trust, and fraud detection",fraud,fraud,5,0.002332760486751795,0.3100974068550892,0.001286665105904364
4,"Digital payments, privacy policy, trust, and fraud detection","T4: Digital payments, privacy policy, trust, and fraud detection",gas fees,gas_consumption,6,0.001107748597860336,0.9679039562696431,0.001247334012828609
4,"Digital payments, privacy policy, trust, and fraud detection","T4: Digital payments, privacy policy, trust, and fraud detection",data ows,data_ows,7,0.001106287236325443,0.9653486912195555,0.00124357543205649
4,"Digital payments, privacy policy, trust, and fraud detection","T4: Digital payments, privacy policy, trust, and fraud detection",off-chain transactions,off_chain,8,0.001540192984975874,0.3697477025001101,0.001045616082609997
4,"Digital payments, privacy policy, trust, and fraud detection","T4: Digital payments, privacy policy, trust, and fraud detection",trust management virtual world,trust_management_virtual_world,9,0.0009893389651551843,0.8121059860843164,0.0009987863851370303
4,"Digital payments, privacy policy, trust, and fraud detection","T4: Digital payments, privacy policy, trust, and fraud detection",sybil attack,sybil_attack,10,0.001177081954665482,0.5949543842371211,0.0009972572637299915
4,"Digital payments, privacy policy, trust, and fraud detection","T4: Digital payments, privacy policy, trust, and fraud detection",machine learning,machine_learning,11,0.0013529765419662,0.4208952733975019,0.0009702454782110201
4,"Digital payments, privacy policy, trust, and fraud detection","T4: Digital payments, privacy policy, trust, and fraud detection",wallet address,wallet_address,12,0.001053560990840197,0.5561903415100935,0.0008620786831677773
4,"Digital payments, privacy policy, trust, and fraud detection","T4: Digital payments, privacy policy, trust, and fraud detection",decision making,decision_making,13,0.00121585582382977,0.3678050387307345,0.000823662398126569
4,"Digital payments, privacy policy, trust, and fraud detection","T4: Digital payments, privacy policy, trust, and fraud detection",ethereum blockchain,ethereum_blockchain,14,0.001052740262821317,0.4986566056981576,0.0008161324806754274
4,"Digital payments, privacy policy, trust, and fraud detection","T4: Digital payments, privacy policy, trust, and fraud detection",service provider,service_provider,15,0.001044014235958457,0.5066242368955038,0.0008155856093846495
5,"Blockchain gaming, NFT markets, and digital-property law","T5: Blockchain gaming, NFT markets, and digital-property law",player,player,1,0.01083590183407068,0.9054373190551416,0.01016986508094541
5,"Blockchain gaming, NFT markets, and digital-property law","T5: Blockchain gaming, NFT markets, and digital-property law",game,game,2,0.0105027025565505,0.5781135761129615,0.007622586601774476
5,"Blockchain gaming, NFT markets, and digital-property law","T5: Blockchain gaming, NFT markets, and digital-property law",jurisdiction,jurisdiction,3,0.002662083832547069,0.7441648933532572,0.002219398406765607
5,"Blockchain gaming, NFT markets, and digital-property law","T5: Blockchain gaming, NFT markets, and digital-property law",attribute-based encryption,attribute_key,4,0.0015967080835253,0.9197703348168071,0.001740457038239037
5,"Blockchain gaming, NFT markets, and digital-property law","T5: Blockchain gaming, NFT markets, and digital-property law",protection,protection,5,0.002234872663393617,0.4276502969524583,0.001403439004986053
5,"Blockchain gaming, NFT markets, and digital-property law","T5: Blockchain gaming, NFT markets, and digital-property law",property,property,6,0.002450107596814632,0.3384046985967705,0.001396470808724435
5,"Blockchain gaming, NFT markets, and digital-property law","T5: Blockchain gaming, NFT markets, and digital-property law",intellectual property,intellectual_property,7,0.001430461066775024,0.704021635789148,0.00132854954564927
5,"Blockchain gaming, NFT markets, and digital-property law","T5: Blockchain gaming, NFT markets, and digital-property law",volatility clustering,volatility_clustering,8,0.001027125981636345,0.9576656595835777,0.001148691559916331
5,"Blockchain gaming, NFT markets, and digital-property law","T5: Blockchain gaming, NFT markets, and digital-property law",physica statistical mechanic application,physica_statistical_mechanic_application,9,0.0009863844607025385,0.9296989714048461,0.001082507607780115
5,"Blockchain gaming, NFT markets, and digital-property law","T5: Blockchain gaming, NFT markets, and digital-property law",sybil wallet,sybil_wallet,10,0.0009413895313628018,0.8952172886039683,0.001008863553754137
5,"Blockchain gaming, NFT markets, and digital-property law","T5: Blockchain gaming, NFT markets, and digital-property law",creator buyer,creator_buyer,11,0.001013295375742018,0.780407165579684,0.0009989616603643396
5,"Blockchain gaming, NFT markets, and digital-property law","T5: Blockchain gaming, NFT markets, and digital-property law",time series,time_series,12,0.001005360740236938,0.7364719066177841,0.0009581216039930884
5,"Blockchain gaming, NFT markets, and digital-property law","T5: Blockchain gaming, NFT markets, and digital-property law",stylized fact,stylized_fact,13,0.0008293993305414915,0.9433575214715878,0.0009186922528783874
5,"Blockchain gaming, NFT markets, and digital-property law","T5: Blockchain gaming, NFT markets, and digital-property law",platform affordances,platform_affordances,14,0.0008409799193032086,0.8408135743186298,0.0008670571480994853
5,"Blockchain gaming, NFT markets, and digital-property law","T5: Blockchain gaming, NFT markets, and digital-property law",intellectual property right,intellectual_property_right,15,0.000836293154861778,0.8145894055012602,0.0008458315638549785
6,"Crypto finance, DeFi, scams, and grey-economy risks","T6: Crypto finance, DeFi, scams, and grey-economy risks",finance,finance,1,0.010671341791749,0.7483321618484122,0.008925680004459995
6,"Crypto finance, DeFi, scams, and grey-economy risks","T6: Crypto finance, DeFi, scams, and grey-economy risks",scam,scam,2,0.003751563839614391,0.8549654108584445,0.003397894601538478
6,"Crypto finance, DeFi, scams, and grey-economy risks","T6: Crypto finance, DeFi, scams, and grey-economy risks",social media,social_medium,3,0.001609629718586802,0.5630866003542704,0.0013253807539672
6,"Crypto finance, DeFi, scams, and grey-economy risks","T6: Crypto finance, DeFi, scams, and grey-economy risks",second life,second_life,4,0.001121063134633005,0.5672835201504691,0.0009266084910806181
6,"Crypto finance, DeFi, scams, and grey-economy risks","T6: Crypto finance, DeFi, scams, and grey-economy risks",artificial intelligence,artificial_intelligence,5,0.00136503460817039,0.3664997819188394,0.000923389382227654
6,"Crypto finance, DeFi, scams, and grey-economy risks","T6: Crypto finance, DeFi, scams, and grey-economy risks",digital currency,digital_currency,6,0.0009771565673872828,0.6784782031309458,0.00088888264380723
6,"Crypto finance, DeFi, scams, and grey-economy risks","T6: Crypto finance, DeFi, scams, and grey-economy risks",augmented reality,augmented_reality,7,0.0008500582189299166,0.5168342954905,0.0006705545155474394
7,"Cryptographic access control, authentication, and encryption protocols","T7: Cryptographic access control, authentication, and encryption protocols",cryptographic key management,public_key,1,0.003038138616830111,0.8290730423160917,0.003105682815734043
7,"Cryptographic access control, authentication, and encryption protocols","T7: Cryptographic access control, authentication, and encryption protocols",encryption and decryption,encryption,2,0.003556449664756656,0.7369200700520626,0.002948289821122751
7,"Cryptographic access control, authentication, and encryption protocols","T7: Cryptographic access control, authentication, and encryption protocols",access control policy,access_policy,3,0.00232902355492115,0.9587778652120428,0.00260661161428762
7,"Cryptographic access control, authentication, and encryption protocols","T7: Cryptographic access control, authentication, and encryption protocols",authentication protocol,authentication_scheme,4,0.001716393046081066,0.9468867065500588,0.001905707445563099
7,"Cryptographic access control, authentication, and encryption protocols","T7: Cryptographic access control, authentication, and encryption protocols",transfer transaction,transfer_transaction,5,0.001052400912158191,0.8389080780226013,0.001083534917973248
7,"Cryptographic access control, authentication, and encryption protocols","T7: Cryptographic access control, authentication, and encryption protocols",security mutual,security_mutual,6,0.0009290495072491467,0.9422891082703503,0.001028328767382075
7,"Cryptographic access control, authentication, and encryption protocols","T7: Cryptographic access control, authentication, and encryption protocols",execution time,execution_time,7,0.0009029065840877593,0.6413414161682557,0.000796275762106921
7,"Cryptographic access control, authentication, and encryption protocols","T7: Cryptographic access control, authentication, and encryption protocols",access control,access_control,8,0.001045237178914249,0.4256852385341587,0.0007533021377915702
7,"Cryptographic access control, authentication, and encryption protocols","T7: Cryptographic access control, authentication, and encryption protocols",privacy-preserving technology,privacy_preserving,9,0.001005463534966111,0.453082160388645,0.0007452283718081607
7,"Cryptographic access control, authentication, and encryption protocols","T7: Cryptographic access control, authentication, and encryption protocols",on chain,on_chain,10,0.0009226109832525253,0.3041801020222276,0.0005811292482610456
