doc_id,filename,topic_01,topic_02,topic_03,topic_04,topic_05,topic_06,topic_07,dominant_topic,dominant_topic_probability
D001_a_mini_review_on_purchaser_security_in_the_metaverse_extract,A Mini Review on Purchaser Security in the Metaverse - extracted chapter.pdf,0.1290005370974541,0.6053925454616547,0.000250942241109442,0.0002059262988041155,0.1667140275239944,0.09830172416695859,0.000134284324303735,2,0.6053925454616547
D002_a_prelude_to_cybersecurity_challenges_in_the_metaverse_extra,A Prelude to Cybersecurity Challenges in the Metaverse - extracted chapter.pdf,0.0004404792659139882,0.7029013087352117,0.0002336695542908274,0.0001915297446733651,0.0001625913670674587,0.2891599436601003,0.006910482089248641,2,0.7029013087352117
D003_a_blockchain_based_signature_exchange_protocol_for_metaverse,A blockchain-based signature exchange protocol for metaverse_compressed.pdf,0.06040823923346276,0.04183761342816675,0.0005688009744820496,0.06938206786677863,0.02798945967030401,0.01176774460085047,0.7880460818608602,7,0.7880460818608602
D004_ai_based_malicious_bitcoin_transaction_detection_framework_f,AI-based_Malicious_Bitcoin_Transaction_Detection_Framework_for_Real_Estate_in_Metaverse_compressed.pdf,0.04277452875976451,0.5628438194592794,0.153049858257873,0.1679710745811462,0.0004250018731302892,0.07260912961889214,0.000326591083042634,2,0.5628438194592794
D005_a_smart_contract_based_authentication_scheme_for_securing_me,A_Smart_Contract-Based_Authentication_Scheme_for_Securing_Metaverse_Environment_in_Web_3.0_compressed.pdf,0.1629584866110236,0.02272357658366673,0.0002966869593365118,0.0002435104950563982,0.02294042335415725,0.006967197897029109,0.7838701277971267,7,0.7838701277971267
D006_a_privacy_awareness_framework_for_nft_avatars_in_the_metaver,A_privacy_awareness_framework_for_NFT_avatars_in_the_metaverse_compressed.pdf,0.0007112308618767808,0.8979128003120422,0.000383786580641754,0.0003149246816368153,0.0002672347958044459,0.0002322279518314948,0.1001777991987183,2,0.8979128003120422
D007_accounting_profession_in_metaverse_era_nft_compressed,Accounting Profession in Metaverse Era - NFT_compressed.pdf,0.007343096665863413,0.0003983173010055907,0.02395005075231893,0.0002528909062675666,0.03090388586861081,0.9336314797401428,0.003520266585837817,6,0.9336314797401428
D008_advanced_encryption_using_generative_adversarial_network_for,Advanced_Encryption_Using_Generative_Adversarial_Network_for_Enhancing_Security_of_Non-Fungible_Tokens_NFTs_compressed.pdf,0.0254511925256035,0.03494074899936095,0.0003049326963567485,0.168714977017468,0.0002123144658980891,0.0248490573746191,0.7455267906188965,7,0.7455267906188965
D009_artificial_intelligence_based_cybersecurity_for_the_metavers,Artificial_Intelligence-Based_Cybersecurity_for_the_Metaverse_Research_Challenges_and_Opportunities_compressed.pdf,0.1140110852684302,0.5960727231577039,0.0002223833625976113,0.04724920897569973,0.029071174713863,0.01850405352070084,0.1948693655326679,2,0.5960727231577039
D010_blockchain_for_the_metaverse_recent_advances_taxonomy_and_fu,Blockchain for the metaverse_ Recent advances taxonomy and future challenges_compressed.pdf,0.8154646158218384,0.08652994558146662,0.0002432808148167918,0.0001995875320383621,0.06233825072344831,0.03165642691259135,0.003567890856014428,1,0.8154646158218384
D011_blockchain_based_privacy_preserving_and_accountable_mobile_e,Blockchain-Based_Privacy-Preserving_and_Accountable_Mobile_Edge_Outsourcing_Computing_Framework_for_the_Metaverse_compressed.pdf,0.3820007785349541,0.0002902315124326075,0.0002247133670607582,0.01742476451424106,0.0001564913400216028,0.0001359944459788191,0.5997670268019041,7,0.5997670268019041
D012_blockchain_based_trust_management_for_virtual_entities_in_th,Blockchain-Based_Trust_Management_for_Virtual_Entities_in_the_Metaverse_A_Model_for_Avatar_and_Virtual_Organization_Interactions_compressed.pdf,0.296715553625836,0.03495478211552836,0.02427815291157458,0.6299932330846787,0.0001843592472141609,0.01373224735434633,0.0001416677616361994,4,0.6299932330846787
D013_blockchain_empowered_privacy_preserving_digital_object_tradi,Blockchain-Empowered_Privacy-Preserving_Digital_Object_Trading_in_the_Metaverse_compressed.pdf,0.0764514772745315,0.0003092964664877703,0.000239340957098951,0.0001964823119730378,0.0001668051215043912,0.03422681615241648,0.8884097735087076,7,0.8884097735087076
D014_blockchain_based_asset_storage_and_service_mechanism_to_meta,Blockchain-based asset storage and service mechanism to metaverse universe_ Metarepo_compressed.pdf,0.1552932076156139,0.1736404796441396,0.01716393754274274,0.1433328035539792,0.0003120250476058573,0.3149977723757426,0.1952597930649063,6,0.3149977723757426
D015_blockchain_based_security_framework_for_metaverse_a_decentra,Blockchain-based_Security_Framework_for_Metaverse_A_Decentralized_Approach_compressed.pdf,0.658494770526886,0.2866633683443069,0.0003503039770293981,0.0002872027786603819,0.01677019467751961,0.03724686701510412,0.0001872662833193317,1,0.658494770526886
D016_bridging_law_and_machine_learning_a_cybersecure_model_for_cl,Bridging Law and Machine Learning_ A Cybersecure Model for Classifying Digital Real Estate Contracts in the Metaverse_compressed.pdf,0.265147224519751,0.02273368036549073,0.530587300658226,0.0001958347129402682,0.1504536487445876,0.03075464397625183,0.0001276837847399293,3,0.530587300658226
D017_challenges_and_opportunities_of_integrating_non_fungible_tok,Challenges_and_Opportunities_of_Integrating_Non-Fungible_Tokens_NFTs_and_Self-Sovereign_AI_SSAI_in_Blockchain-Based_Metaverse_Projects_compressed.pdf,0.8861198425292969,0.0246493429702241,0.0003700368135469034,0.0003038527182070539,0.03347703209437895,0.05488164998823777,0.0001982198707992211,1,0.8861198425292969
D018_criminology_towards_the_metaverse_cryptocurrency_scams_grey_,"Criminology Towards the Metaverse_ Cryptocurrency Scams, Grey Economy and the Technosocial_compressed.pdf",0.0006230473906422654,0.0004358716687420383,0.006381516655286153,0.0002770163337117992,0.0002351937049146121,0.9918665885925293,0.0001807361926087954,6,0.9918665885925293
D019_decentralized_autonomous_organizations_review_importance_and,Decentralized_autonomous_organizations_review_importance_and_applications_compressed.pdf,0.2229938854773839,0.1893657773034647,0.33681554098924,0.0004344107340633248,0.06343265650987935,0.1866743713617325,0.0002833360971029227,3,0.33681554098924
D020_demystifying_opportunities_and_risk_for_businesses_a_qualita,Demystifying opportunities and risk for businesses_ A qualitative enquiry_compressed.pdf,0.3331494182348251,0.0005962832947261631,0.0004608151357388124,0.0003783268621191382,0.2439782922156155,0.4211900308728218,0.0002468190468789544,6,0.4211900308728218
D021_design_of_secure_mutual_authentication_scheme_for_metaverse_,Design_of_Secure_Mutual_Authentication_Scheme_for_Metaverse_Environments_Using_Blockchain_compressed.pdf,0.0005751976374691973,0.0004031767069439714,0.0003121709839130442,0.000256350501634491,0.1280581010166012,0.05264724385294054,0.8177477568387985,7,0.8177477568387985
D022_detecting_smart_contract_project_anomalies_in_metaverse_comp,Detecting_Smart_Contract_Project_Anomalies_in_Metaverse_compressed.pdf,0.0006016457409714349,0.1283064314848161,0.8606297075748444,0.0002616679412312806,0.0002220283458882477,0.0001929313766595442,0.009785590886167483,3,0.8606297075748444
D023_eden_an_edge_computing_empowered_proof_of_personhood_protoco,Eden_An_Edge_Computing_Empowered_Proof-of-Personhood_Protocol_for_Anti-Sybil_in_Blockchain-based_Metaverse_compressed.pdf,0.06942973596596858,0.09884864588093478,0.1483773232102976,0.0003416788931644987,0.4739083349704742,0.0002519580302760005,0.2088423209352186,5,0.4739083349704742
D024_efficient_post_quantum_attribute_based_access_control_scheme,Efficient post-quantum attribute-based access control scheme for blockchain-empowered metaverse data management_compressed.pdf,0.09422317432888251,0.0003023892516336803,0.0002339951128565839,0.0001920601436203079,0.01269589422320548,0.0001416501961232695,0.8922108241489956,7,0.8922108241489956
D025_enhancing_identity_security_in_the_metaverse_solutions_using,Enhancing_Identity_Security_in_the_Metaverse_Solutions_Using_AI_Blockchain_and_NFTs_compressed.pdf,0.5252747635046641,0.260262168943882,0.0004398869932629168,0.06245934483983243,0.1510622054338455,0.0002662424861531084,0.0002354323514737189,1,0.5252747635046641
D026_ethical_and_legal_challenges_of_nfts_chapter_extracted,Ethical_and_Legal_Challenges_of_NFTs_chapter_extracted.pdf,0.2223892311255137,0.007011985697317868,0.0002372100279899314,0.3181103219588597,0.0688473150851981,0.3832770188649495,0.0001269095616104702,6,0.3832770188649495
D027_exploring_nfts_and_metaverse_collaborations_innovations_oppo,Exploring-NFTs-and-Metaverse-Collaborations_-Innovations-Opportunities-and-Challenges_compressed.pdf,0.2282455558422953,0.0003392585727851838,0.0002625252440338954,0.0002153950626961887,0.597970250248909,0.1728265359997749,0.0001404956376063637,5,0.597970250248909
D028_financial_cybercrime_in_the_islamic_finance_metaverse_compre,Financial cybercrime in the Islamic Finance Metaverse_compressed.pdf,0.0006219060160219669,0.4656602044900258,0.0003312102974935745,0.0002715876568496848,0.015120316388978,0.5178176462650299,0.0001771197882286894,6,0.5178176462650299
D029_freedom_and_restraint_in_dark_forest_a_peek_at_the_metaverse,Freedom_and_Restraint_in_Dark_Forest_A_Peek_at_the_Metaverse_Through_a_Blockchain_Game_compressed.pdf,0.01027332297720326,0.0003018805097478132,0.00411130362287319,0.01357872897157601,0.8754362265268961,0.0783890635696783,0.01790946900534133,5,0.8754362265268961
D030_fusing_blockchain_and_ai_with_metaverse_a_survey_compressed,Fusing_Blockchain_and_AI_With_Metaverse_A_Survey_compressed.pdf,0.1033004456645964,0.702962284286817,0.0002598717231497479,0.000213045030250214,0.1384442131699567,0.0546811854922756,0.0001389512423581133,2,0.702962284286817
D031_jurisdictional_challenges_in_metaverse_chapter,Jurisdictional_Challenges_in_Metaverse_chapter.pdf,0.0006172955812265476,0.03773571671141932,0.0320798113825731,0.0201987817514843,0.9089908599853516,0.0002003728392689178,0.0001771815489822378,5,0.9089908599853516
D032_legal_challenges_of_intellectual_property_in_the_metaverse_u,Legal_Challenges_of_Intellectual_Property_in_the_Metaverse_Under_UAE_Intellectual_Property_Law_Trademarks_Copyrights_Patents_compressed.pdf,0.01930818931820492,0.0002913358815324803,0.006543074200938766,0.0001849491527536884,0.9734154144922892,0.0001364216247263054,0.0001206296243860076,5,0.9734154144922892
D033_legalities_in_metaverse_ethereum_fraud_detection_compressed,Legalities_in_Metaverse__Ethereum_Fraud_Detection_compressed.pdf,0.01059144870960154,0.09319502109428868,0.2287905818229774,0.6206426531076431,0.0001973294769413769,0.04643133492209017,0.0001516252581495792,4,0.6206426531076431
D034_metaseen_analyzing_network_traffic_and_privacy_policies_in_w,METAseen_ analyzing network traffic and privacy policies in Web 3.0 based Metaverse_compressed.pdf,0.01512989463351135,0.1250954063143581,0.09228707012828506,0.7109942095620292,0.01890968156138634,0.01127802282280754,0.02630569256351529,4,0.7109942095620292
D035_meta_governance_blockchain_driven_metaverse_platform_for_mit,Meta-Governance_Blockchain-Driven_Metaverse_Platform_for_Mitigating_Misbehavior_Using_Smart_Contract_and_AI_compressed.pdf,0.5810108482837677,0.02344429611306017,0.3054892363531205,0.07741795551070633,0.0001822511864399227,0.0001583758081930379,0.01229703977999937,1,0.5810108482837677
D036_metal_a_fully_decentralized_user_driven_access_control_schem,MetaL_A_Fully_Decentralized_User-Driven_Access_Control_Scheme_for_Metaverse_Utilizing_MC-ABE_and_Sharding_Blockchain_compressed.pdf,0.05757946080120746,0.000305613997625187,0.0002365953441767488,0.0001941336704476271,0.4144531041383743,0.0001431885393685661,0.5270878858864307,7,0.5270878858864307
D037_metaverse_ethical_challenges_of_the_tokenisation_of_the_econ,Metaverse_ ethical challenges of the tokenisation of the economy_NON_ENGLISH_PAPER_compressed.pdf,0.0007539010039181449,0.0005301260243868455,0.9295648410916328,0.001301445041463012,0.001730586645862786,0.06589780713693472,0.0002212943290942349,3,0.9295648410916328
D038_metaverse_the_potential_threats_in_the_virtual_world_chapter,Metaverse_The_Potential_Threats_in_the_Virtual_World_chapter_pages_84-92.pdf,0.03857422375585884,0.1798093691468239,0.0004074548342032358,0.0003342867639730684,0.0002835905252140947,0.7803731560707092,0.0002179151633754373,6,0.7803731560707092
D039_modelling_btc_networks,Modelling BTC networks.pdf,0.03995435709657613,0.009221149226505077,0.4858295579670084,0.4323983286794828,0.0001714917179924669,0.03229333664057776,0.0001317824262514478,3,0.4858295579670084
D040_money_possessions_and_ownership_in_the_metaverse_nfts_crypto,"Money, possessions, and ownership in the Metaverse_ NFTs, cryptocurrencies, Web3 and Wild Markets_compressed.pdf",0.008297768358412819,0.0003888247059270118,0.0003017161555665855,0.0002477046412726243,0.2381931888667168,0.7524092296759287,0.0001615626291216662,6,0.7524092296759287
D041_nft_based_digital_identity_authentication_framework_for_the_,NFT-Based_Digital_Identity_Authentication_Framework_for_the_Metaverse_Environments_compressed.pdf,0.1768206010262171,0.03672034627137085,0.0002538426682197799,0.0002083445579046384,0.0001768419218327229,0.02372865590829558,0.7620913684368134,7,0.7620913684368134
D042_nfts_for_accessing_monetizing_and_teleporting_digital_twins_,"NFTs for accessing, monetizing, and teleporting digital twins and digital artifacts in the metaverse_compressed.pdf",0.7878970078059605,0.0003917646536137909,0.0003036869768818308,0.1218836080869161,0.0002115117760175573,0.0001838067317813901,0.08912860904092668,1,0.7878970078059605
D043_nfts_for_combating_deepfakes_and_fake_metaverse_digital_cont,NFTs for combating deepfakes and fake metaverse digital contents_compressed.pdf,0.04606670638479825,0.01940135034965351,0.0002289459828586717,0.9185991627829415,0.0001596106137315343,0.0001387028584888737,0.01540550796302601,4,0.9185991627829415
D044_navigating_consumer_rights_and_ethical_advertising_in_the_me,Navigating_Consumer_Rights_and_Ethical_Advertising_in_the_Metaverse_chapter.pdf,0.02049106315826066,0.0003405418538022786,0.7514247298240662,0.000216157961403951,0.06337011232972145,0.1640164362543146,0.0001409630131092854,3,0.7514247298240662
D045_opportunities_to_future_crime_scoping_the_future_of_money_la,Opportunities to future crime_ Scoping the future of money laundering and terrorist financing through cryptoassets_compressed.pdf,0.0004405126696488318,0.1516655773313967,0.549470488841717,0.0001935530409145241,0.01291692371887621,0.2851866884873464,0.0001262527204324635,3,0.549470488841717
D046_seamless_asset_exchange_in_interconnected_metaverses_unravel,Seamless_Asset_Exchange_in_Interconnected_Metaverses_Unraveling_On-Chain_Atomic_Swap_compressed.pdf,0.477652895450592,0.1810064472665545,0.0003054660657653585,0.0002505227050278336,0.0002125526341842488,0.0001847051840741187,0.3403874211624497,1,0.477652895450592
D047_securing_the_metaverse_chapter_extracted,Securing_the_Metaverse_chapter_extracted.pdf,0.0006009779463056475,0.8498186469078064,0.0003180599305778742,0.1327625885605812,0.01613696569984313,0.0001924979078467004,0.0001702221561572514,2,0.8498186469078064
D048_stylized_facts_of_metaverse_non_fungible_tokens_compressed,Stylized facts of metaverse non-fungible tokens_compressed.pdf,0.1578022179281106,0.01354886491899379,0.0009834619821049273,0.005156685158726759,0.6989744544029236,0.123407309743925,0.0001270000779186375,5,0.6989744544029236
D049_the_digital_payment_revolution_in_the_metaverse_a_systematic,"The Digital Payment Revolution in the Metaverse_ A Systematic Review of Emerging Technologies, Challenges, and Future Directions_compressed.pdf",0.1537522793747485,0.0002841613895725459,0.0002204090647865087,0.6827723681926727,0.009352051836322062,0.1535007249563932,0.0001179932951345108,4,0.6827723681926727
D050_the_new_economic_models_of_metaverse_and_its_implications_in,The New Economic Models of Metaverse and Its Implications in International Financial Markets_chapter.pdf,0.1372202175552957,0.055441327043809,0.000365662228432484,0.000300044766239201,0.1729880423226859,0.6334889928499857,0.0001957014756044373,6,0.6334889928499857
D051_the_study_of_defi_in_virtual_community_and_financial_supervi,The Study of DeFi in Virtual Community and Financial Supervision_compressed.pdf,0.02982085297844606,0.1834205444902182,0.03313717487617396,0.0003628762751759496,0.1921454233197437,0.5553022921085358,0.005810827660752693,6,0.5553022921085358
D052_the_technological_innovation_of_the_metaverse_in_financial_c,The Technological Innovation of the Metaverse in Financial_compressed.pdf,0.05809836308859909,0.0003121155605185777,0.01823088193729442,0.01038391638576286,0.01570995425572619,0.8971357444922129,0.0001290154953797658,6,0.8971357444922129
D053_the_effects_of_non_fungible_token_platform_affordances_on_cu,The effects of non-fungible token platform affordances on customer loyalty_ A Buyer-Creator duality perspective_compressed.pdf,0.2343088933428387,0.0003181987590829118,0.0002476181285197122,0.0002032446015315751,0.4231894871013032,0.341600021515559,0.0001325512146447889,5,0.4231894871013032
D054_the_rise_and_fall_of_cryptocurrencies,The rise and fall of cryptocurrencies.pdf,0.05366269720252603,0.08960308949139693,0.1407032110857674,0.04129191755297749,0.1260748130540984,0.5485251661803987,0.0001391085137988234,6,0.5485251661803987
D055_the_metaverse_applications_for_the_finance_industry_its_chal,The_metaverse_applications_for_the_finance_industry_its_challenges_and_an_approach_for_the_metaverse_finance_industry_compressed.pdf,0.000773327104980126,0.1401745403709356,0.0004095613840036094,0.0003356076631462201,0.245345264673233,0.6127428412437439,0.0002188825819757767,6,0.6127428412437439
D056_towards_secure_ai_driven_industrial_metaverse_with_nft_digit,Towards_Secure_AI-driven_Industrial_Metaverse_with_NFT_Digital_Twins_compressed.pdf,0.03744476509746164,0.8970732092857361,0.0002567227893450763,0.000210658985452028,0.04344319472147617,0.02143412582154269,0.0001373440481984289,2,0.8970732092857361
D057_trusted_ai_with_blockchain_to_empower_metaverse_compressed,Trusted_AI_with_Blockchain_to_Empower_Metaverse_compressed.pdf,0.000776616798248142,0.9118677824735641,0.0004130935776629485,0.08618386953457957,0.0002876496400858741,0.0002499664042261429,0.0002210446382377995,2,0.9118677824735641
D058_unraveling_the_dynamics_of_digital_equality_and_trust_in_ai_,Unraveling the dynamics of digital equality and trust in AI-empowered metaverses and AI-VR-convergence_compressed.pdf,0.5710553649812937,0.0003593285480746999,0.0002788680285448208,0.0002288132920511998,0.0007323200814425945,0.4271960318219499,0.0001492708346631844,1,0.5710553649812937
D059_urban_metaverse_and_blockchain,Urban metaverse and blockchain.pdf,0.01191481011665019,0.9811893589794636,0.0002162693090212997,0.0001775618111423682,0.0001507252418377902,0.000130982944938296,0.006220286049483548,2,0.9811893589794636
