doc_id,filename,dominant_topic,dominant_topic_probability,normalised_topic_entropy
D001_a_mini_review_on_purchaser_security_in_the_metaverse_extract,A Mini Review on Purchaser Security in the Metaverse - extracted chapter.pdf,2,0.6053925454616547,0.565154534159766
D002_a_prelude_to_cybersecurity_challenges_in_the_metaverse_extra,A Prelude to Cybersecurity Challenges in the Metaverse - extracted chapter.pdf,2,0.7029013087352117,0.3337132352695312
D003_a_blockchain_based_signature_exchange_protocol_for_metaverse,A blockchain-based signature exchange protocol for metaverse_compressed.pdf,7,0.7880460818608602,0.4274511139727595
D004_ai_based_malicious_bitcoin_transaction_detection_framework_f,AI-based_Malicious_Bitcoin_Transaction_Detection_Framework_for_Real_Estate_in_Metaverse_compressed.pdf,2,0.5628438194592794,0.6380517714944671
D005_a_smart_contract_based_authentication_scheme_for_securing_me,A_Smart_Contract-Based_Authentication_Scheme_for_Securing_Metaverse_Environment_in_Web_3.0_compressed.pdf,7,0.7838701277971267,0.3587835005030403
D006_a_privacy_awareness_framework_for_nft_avatars_in_the_metaver,A_privacy_awareness_framework_for_NFT_avatars_in_the_metaverse_compressed.pdf,2,0.8979128003120422,0.1757709462096348
D007_accounting_profession_in_metaverse_era_nft_compressed,Accounting Profession in Metaverse Era - NFT_compressed.pdf,6,0.9336314797401428,0.1655392234050088
D008_advanced_encryption_using_generative_adversarial_network_for,Advanced_Encryption_Using_Generative_Adversarial_Network_for_Enhancing_Security_of_Non-Fungible_Tokens_NFTs_compressed.pdf,7,0.7455267906188965,0.4244163944948647
D009_artificial_intelligence_based_cybersecurity_for_the_metavers,Artificial_Intelligence-Based_Cybersecurity_for_the_Metaverse_Research_Challenges_and_Opportunities_compressed.pdf,2,0.5960727231577039,0.6153621927882186
D010_blockchain_for_the_metaverse_recent_advances_taxonomy_and_fu,Blockchain for the metaverse_ Recent advances taxonomy and future challenges_compressed.pdf,1,0.8154646158218384,0.3516351706251898
D011_blockchain_based_privacy_preserving_and_accountable_mobile_e,Blockchain-Based_Privacy-Preserving_and_Accountable_Mobile_Edge_Outsourcing_Computing_Framework_for_the_Metaverse_compressed.pdf,7,0.5997670268019041,0.3862576334346048
D012_blockchain_based_trust_management_for_virtual_entities_in_th,Blockchain-Based_Trust_Management_for_Virtual_Entities_in_the_Metaverse_A_Model_for_Avatar_and_Virtual_Organization_Interactions_compressed.pdf,4,0.6299932330846787,0.4732042152352741
D013_blockchain_empowered_privacy_preserving_digital_object_tradi,Blockchain-Empowered_Privacy-Preserving_Digital_Object_Trading_in_the_Metaverse_compressed.pdf,7,0.8884097735087076,0.2183105316725354
D014_blockchain_based_asset_storage_and_service_mechanism_to_meta,Blockchain-based asset storage and service mechanism to metaverse universe_ Metarepo_compressed.pdf,6,0.3149977723757426,0.8359987296019556
D015_blockchain_based_security_framework_for_metaverse_a_decentra,Blockchain-based_Security_Framework_for_Metaverse_A_Decentralized_Approach_compressed.pdf,1,0.658494770526886,0.4271183492105875
D016_bridging_law_and_machine_learning_a_cybersecure_model_for_cl,Bridging Law and Machine Learning_ A Cybersecure Model for Classifying Digital Real Estate Contracts in the Metaverse_compressed.pdf,3,0.530587300658226,0.6008180441743743
D017_challenges_and_opportunities_of_integrating_non_fungible_tok,Challenges_and_Opportunities_of_Integrating_Non-Fungible_Tokens_NFTs_and_Self-Sovereign_AI_SSAI_in_Blockchain-Based_Metaverse_Projects_compressed.pdf,1,0.8861198425292969,0.2459015597554682
D018_criminology_towards_the_metaverse_cryptocurrency_scams_grey_,"Criminology Towards the Metaverse_ Cryptocurrency Scams, Grey Economy and the Technosocial_compressed.pdf",6,0.9918665885925293,0.02781116060897913
D019_decentralized_autonomous_organizations_review_importance_and,Decentralized_autonomous_organizations_review_importance_and_applications_compressed.pdf,3,0.33681554098924,0.7760883418431176
D020_demystifying_opportunities_and_risk_for_businesses_a_qualita,Demystifying opportunities and risk for businesses_ A qualitative enquiry_compressed.pdf,6,0.4211900308728218,0.5588901549989678
D021_design_of_secure_mutual_authentication_scheme_for_metaverse_,Design_of_Secure_Mutual_Authentication_Scheme_for_Metaverse_Environments_Using_Blockchain_compressed.pdf,7,0.8177477568387985,0.3056715208964454
D022_detecting_smart_contract_project_anomalies_in_metaverse_comp,Detecting_Smart_Contract_Project_Anomalies_in_Metaverse_compressed.pdf,3,0.8606297075748444,0.2302486408039931
D023_eden_an_edge_computing_empowered_proof_of_personhood_protoco,Eden_An_Edge_Computing_Empowered_Proof-of-Personhood_Protocol_for_Anti-Sybil_in_Blockchain-based_Metaverse_compressed.pdf,5,0.4739083349704742,0.7106396514256385
D024_efficient_post_quantum_attribute_based_access_control_scheme,Efficient post-quantum attribute-based access control scheme for blockchain-empowered metaverse data management_compressed.pdf,7,0.8922108241489956,0.1989118996944403
D025_enhancing_identity_security_in_the_metaverse_solutions_using,Enhancing_Identity_Security_in_the_Metaverse_Solutions_Using_AI_Blockchain_and_NFTs_compressed.pdf,1,0.5252747635046641,0.5934547951089529
D026_ethical_and_legal_challenges_of_nfts_chapter_extracted,Ethical_and_Legal_Challenges_of_NFTs_chapter_extracted.pdf,6,0.3832770188649495,0.6620860815955031
D027_exploring_nfts_and_metaverse_collaborations_innovations_oppo,Exploring-NFTs-and-Metaverse-Collaborations_-Innovations-Opportunities-and-Challenges_compressed.pdf,5,0.597970250248909,0.4912922052251212
D028_financial_cybercrime_in_the_islamic_finance_metaverse_compre,Financial cybercrime in the Islamic Finance Metaverse_compressed.pdf,6,0.5178176462650299,0.3962575490941496
D029_freedom_and_restraint_in_dark_forest_a_peek_at_the_metaverse,Freedom_and_Restraint_in_Dark_Forest_A_Peek_at_the_Metaverse_Through_a_Blockchain_Game_compressed.pdf,5,0.8754362265268961,0.2664725744344146
D030_fusing_blockchain_and_ai_with_metaverse_a_survey_compressed,Fusing_Blockchain_and_AI_With_Metaverse_A_Survey_compressed.pdf,2,0.702962284286817,0.4728405312358673
D031_jurisdictional_challenges_in_metaverse_chapter,Jurisdictional_Challenges_in_Metaverse_chapter.pdf,5,0.9089908599853516,0.2093406722385617
D032_legal_challenges_of_intellectual_property_in_the_metaverse_u,Legal_Challenges_of_Intellectual_Property_in_the_Metaverse_Under_UAE_Intellectual_Property_Law_Trademarks_Copyrights_Patents_compressed.pdf,5,0.9734154144922892,0.07277482260209983
D033_legalities_in_metaverse_ethereum_fraud_detection_compressed,Legalities_in_Metaverse__Ethereum_Fraud_Detection_compressed.pdf,4,0.6206426531076431,0.5387585514233016
D034_metaseen_analyzing_network_traffic_and_privacy_policies_in_w,METAseen_ analyzing network traffic and privacy policies in Web 3.0 based Metaverse_compressed.pdf,4,0.7109942095620292,0.517587685172195
D035_meta_governance_blockchain_driven_metaverse_platform_for_mit,Meta-Governance_Blockchain-Driven_Metaverse_Platform_for_Mitigating_Misbehavior_Using_Smart_Contract_and_AI_compressed.pdf,1,0.5810108482837677,0.5246134835323113
D036_metal_a_fully_decentralized_user_driven_access_control_schem,MetaL_A_Fully_Decentralized_User-Driven_Access_Control_Scheme_for_Metaverse_Utilizing_MC-ABE_and_Sharding_Blockchain_compressed.pdf,7,0.5270878858864307,0.449316889812234
D037_metaverse_ethical_challenges_of_the_tokenisation_of_the_econ,Metaverse_ ethical challenges of the tokenisation of the economy_NON_ENGLISH_PAPER_compressed.pdf,3,0.9295648410916328,0.1428880212318212
D038_metaverse_the_potential_threats_in_the_virtual_world_chapter,Metaverse_The_Potential_Threats_in_the_Virtual_World_chapter_pages_84-92.pdf,6,0.7803731560707092,0.3276728674803338
D039_modelling_btc_networks,Modelling BTC networks.pdf,3,0.4858295579670084,0.5131972547194179
D040_money_possessions_and_ownership_in_the_metaverse_nfts_crypto,"Money, possessions, and ownership in the Metaverse_ NFTs, cryptocurrencies, Web3 and Wild Markets_compressed.pdf",6,0.7524092296759287,0.3106505940322871
D041_nft_based_digital_identity_authentication_framework_for_the_,NFT-Based_Digital_Identity_Authentication_Framework_for_the_Metaverse_Environments_compressed.pdf,7,0.7620913684368134,0.3745908956882001
D042_nfts_for_accessing_monetizing_and_teleporting_digital_twins_,"NFTs for accessing, monetizing, and teleporting digital twins and digital artifacts in the metaverse_compressed.pdf",1,0.7878970078059605,0.3436643285831628
D043_nfts_for_combating_deepfakes_and_fake_metaverse_digital_cont,NFTs for combating deepfakes and fake metaverse digital contents_compressed.pdf,4,0.9185991627829415,0.1876213496904503
D044_navigating_consumer_rights_and_ethical_advertising_in_the_me,Navigating_Consumer_Rights_and_Ethical_Advertising_in_the_Metaverse_chapter.pdf,3,0.7514247298240662,0.3964897252954126
D045_opportunities_to_future_crime_scoping_the_future_of_money_la,Opportunities to future crime_ Scoping the future of money laundering and terrorist financing through cryptoassets_compressed.pdf,3,0.549470488841717,0.5320108696712705
D046_seamless_asset_exchange_in_interconnected_metaverses_unravel,Seamless_Asset_Exchange_in_Interconnected_Metaverses_Unraveling_On-Chain_Atomic_Swap_compressed.pdf,1,0.477652895450592,0.5329458376325201
D047_securing_the_metaverse_chapter_extracted,Securing_the_Metaverse_chapter_extracted.pdf,2,0.8498186469078064,0.2482646428281781
D048_stylized_facts_of_metaverse_non_fungible_tokens_compressed,Stylized facts of metaverse non-fungible tokens_compressed.pdf,5,0.6989744544029236,0.4590612802545416
D049_the_digital_payment_revolution_in_the_metaverse_a_systematic,"The Digital Payment Revolution in the Metaverse_ A Systematic Review of Emerging Technologies, Challenges, and Future Directions_compressed.pdf",4,0.6827723681926727,0.4548181310602288
D050_the_new_economic_models_of_metaverse_and_its_implications_in,The New Economic Models of Metaverse and Its Implications in International Financial Markets_chapter.pdf,6,0.6334889928499857,0.5306566819714545
D051_the_study_of_defi_in_virtual_community_and_financial_supervi,The Study of DeFi in Virtual Community and Financial Supervision_compressed.pdf,6,0.5553022921085358,0.6193045274861086
D052_the_technological_innovation_of_the_metaverse_in_financial_c,The Technological Innovation of the Metaverse in Financial_compressed.pdf,6,0.8971357444922129,0.2323181425629506
D053_the_effects_of_non_fungible_token_platform_affordances_on_cu,The effects of non-fungible token platform affordances on customer loyalty_ A Buyer-Creator duality perspective_compressed.pdf,5,0.4231894871013032,0.5541736556105864
D054_the_rise_and_fall_of_cryptocurrencies,The rise and fall of cryptocurrencies.pdf,6,0.5485251661803987,0.7052626730420538
D055_the_metaverse_applications_for_the_finance_industry_its_chal,The_metaverse_applications_for_the_finance_industry_its_challenges_and_an_approach_for_the_metaverse_finance_industry_compressed.pdf,6,0.6127428412437439,0.4797490099605408
D056_towards_secure_ai_driven_industrial_metaverse_with_nft_digit,Towards_Secure_AI-driven_Industrial_Metaverse_with_NFT_Digital_Twins_compressed.pdf,2,0.8970732092857361,0.2282656932390284
D057_trusted_ai_with_blockchain_to_empower_metaverse_compressed,Trusted_AI_with_Blockchain_to_Empower_Metaverse_compressed.pdf,2,0.9118677824735641,0.1595388912595126
D058_unraveling_the_dynamics_of_digital_equality_and_trust_in_ai_,Unraveling the dynamics of digital equality and trust in AI-empowered metaverses and AI-VR-convergence_compressed.pdf,1,0.5710553649812937,0.3581524462110651
D059_urban_metaverse_and_blockchain,Urban metaverse and blockchain.pdf,2,0.9811893589794636,0.05594788007731932
