topic,raw_rank,raw_term,weight
1,1,trust,0.007334170863032341
1,2,framework,0.005372025072574615
1,3,ownership,0.004335956647992134
1,4,token,0.003857014002278447
1,5,solution,0.003788710338994861
1,6,governance,0.003370262216776609
1,7,metaverses,0.003201032057404518
1,8,education,0.003104214323684573
1,9,ensuring,0.002979741897433996
1,10,blockchain_based,0.002945255488157272
1,11,protocol,0.002857357496395707
1,12,enables,0.002502192975953221
1,13,contract,0.002499056747183204
1,14,dynamic,0.002486813347786665
1,15,interoperability,0.002432654611766338
1,16,content,0.002400522353127599
1,17,privacy,0.002382911741733551
1,18,scalability,0.002344885375350714
1,19,infrastructure,0.002342776395380497
1,20,blockchain_network,0.002315531019121408
1,21,behavior,0.002224596915766597
1,22,architecture,0.002167612547054887
1,23,function,0.002165750600397587
1,24,real_world,0.002154942834749818
1,25,design,0.002115772338584065
1,26,ecosystem,0.002050334587693214
1,27,entity,0.002017179969698191
1,28,across,0.001994894817471504
1,29,space,0.001980540575459599
1,30,ensures,0.001980455359444022
2,1,avatar,0.00758670549839735
2,2,attack,0.006323640234768391
2,3,privacy,0.005021556280553341
2,4,threat,0.003877564566209912
2,5,detection,0.003871750552207232
2,6,prediction,0.003770533483475447
2,7,layer,0.003456290112808347
2,8,framework,0.003445376642048359
2,9,world,0.003134081605821848
2,10,solution,0.003116761334240437
2,11,algorithm,0.002967523410916328
2,12,block,0.002879793988540769
2,13,authentication,0.002796400105580688
2,14,node,0.0027161855250597
2,15,training,0.002689887303858995
2,16,cybersecurity,0.00268646702170372
2,17,technique,0.002592119388282299
2,18,feature,0.002584889531135559
2,19,device,0.002546946983784437
2,20,pattern,0.002435869304463267
2,21,criminal,0.002415351802483201
2,22,business,0.002414239337667823
2,23,risk,0.002300125546753407
2,24,make,0.002243082504719496
2,25,way,0.002183254575356841
2,26,immersive,0.002056508092209697
2,27,high,0.001977047184482217
2,28,space,0.001959864748641849
2,29,entity,0.001957188826054335
2,30,real_time,0.001903772936202586
3,1,attribute,0.005981510505080223
3,2,bitcoin_network,0.005617993883788586
3,3,bitcoin,0.005310545209795237
3,4,feature,0.00509132444858551
3,5,wallet,0.004405763000249863
3,6,dataset,0.003490145085379481
3,7,contract,0.003152078948915005
3,8,classification,0.003044770797714591
3,9,layer,0.002995150862261653
3,10,ethereum,0.002929146401584148
3,11,detection,0.002824311843141913
3,12,node,0.002714765258133411
3,13,risk,0.002593680284917355
3,14,development_attribute,0.002429852494969964
3,15,enabler,0.002301075495779514
3,16,code,0.002235692227259278
3,17,regulation,0.00220336252823472
3,18,review,0.002127779414877295
3,19,characteristic,0.002113806549459696
3,20,graph,0.002110959496349096
3,21,framework,0.00209093140438199
3,22,criminal,0.002084047300741076
3,23,token,0.001989924116060138
3,24,identified,0.001977008767426014
3,25,sus,0.001908351783640683
3,26,academic,0.001818335382267833
3,27,econom,0.001813426264561713
3,28,enablers,0.001810170128010213
3,29,tica,0.001784650725312531
3,30,mixer,0.001736190402880311
4,1,algorithm,0.008105934597551823
4,2,entity,0.007522030733525753
4,3,solution,0.006119147408753633
4,4,ethereum,0.005594260059297085
4,5,reputation,0.004768034443259239
4,6,digital_medium,0.004333039745688438
4,7,accuracy,0.003885055193677545
4,8,node,0.003623622469604015
4,9,privacy_policy,0.003434362588450313
4,10,trust,0.003362348303198814
4,11,function,0.003223937470465899
4,12,type,0.00320505048148334
4,13,technique,0.002943204948678613
4,14,methodology,0.002894492587074637
4,15,rating,0.002725847996771336
4,16,performance,0.00269686640240252
4,17,parameter,0.002670570276677608
4,18,detection,0.002660541795194149
4,19,equation,0.002591082360595465
4,20,behavior,0.002569480100646615
4,21,digital_payment,0.00249240780249238
4,22,identify,0.002424003789201379
4,23,mapping,0.002402247162535787
4,24,uae,0.002385276136919856
4,25,dynamic,0.002355410484597087
4,26,given,0.002353512914851308
4,27,fraud,0.002332760486751795
4,28,scenario,0.002245851792395115
4,29,trust_factor,0.002220564056187868
4,30,trust_value,0.002205476863309741
5,1,player,0.01083590183407068
5,2,game,0.0105027025565505
5,3,market,0.006193839479237795
5,4,law,0.004850915167480707
5,5,business,0.003646869910880923
5,6,right,0.00356204085983336
5,7,return,0.003409090451896191
5,8,token,0.003233219962567091
5,9,legal,0.003021440235897899
5,10,behavior,0.002708537736907601
5,11,jurisdiction,0.002662083832547069
5,12,creator,0.002621569437906146
5,13,brand,0.002571345074102283
5,14,risk,0.00246084202080965
5,15,property,0.002450107596814632
5,16,consumer,0.002406563842669129
5,17,ownership,0.00240037520416081
5,18,world,0.002359411446377635
5,19,protection,0.002234872663393617
5,20,traditional,0.002153382170945406
5,21,rule,0.002123920246958733
5,22,regulation,0.002109096851199865
5,23,relationship,0.002092681126669049
5,24,country,0.002080057049170136
5,25,space,0.002074143849313259
5,26,art,0.002037943108007312
5,27,product,0.002031313022598624
5,28,trading,0.002012860728427768
5,29,similar,0.001943420502357185
5,30,significant,0.001932750805281103
6,1,finance,0.010671341791749
6,2,world,0.004561405163258314
6,3,business,0.004551082383841276
6,4,social,0.004364324733614922
6,5,consumer,0.004273397848010063
6,6,market,0.003939913585782051
6,7,opportunity,0.003834662958979607
6,8,scam,0.003751563839614391
6,9,risk,0.003576454240828753
6,10,game,0.003332622582092881
6,11,online,0.003315821988508105
6,12,people,0.003190929535776377
6,13,innovation,0.003052568528801203
6,14,web,0.002927267458289862
6,15,crime,0.002875081030651927
6,16,review,0.002810316625982523
6,17,internet,0.002753981156274676
6,18,economic,0.002511669648811221
6,19,economy,0.002510003745555878
6,20,community,0.002492567524313927
6,21,industry,0.002459336305037141
6,22,ownership,0.002377925673499703
6,23,make,0.002375189214944839
6,24,bitcoin,0.002350569702684879
6,25,defi,0.002298362553119659
6,26,bank,0.00227930792607367
6,27,space,0.002240951405838132
6,28,investor,0.002211823593825102
6,29,management,0.00220304261893034
6,30,money,0.002189366845414042
7,1,scheme,0.01020690333098173
7,2,algorithm,0.007582875434309244
7,3,protocol,0.007402732502669096
7,4,image,0.006855249404907227
7,5,attribute,0.006099089980125427
7,6,authentication,0.006096511147916317
7,7,avatar,0.005683699157088995
7,8,node,0.005115888547152281
7,9,token,0.005015735048800707
7,10,function,0.004743416793644428
7,11,attack,0.004566981457173824
7,12,message,0.004565836396068335
7,13,operation,0.004114440642297268
7,14,request,0.003888804232701659
7,15,adversary,0.003653238294646144
7,16,encryption,0.003556449664756656
7,17,decryption,0.003516046795994043
7,18,transfer,0.003330093109980226
7,19,input,0.003293895162642002
7,20,public_key,0.003038138616830111
7,21,phase,0.002978914184495807
7,22,parameter,0.002837139647454023
7,23,owner,0.002810860751196742
7,24,output,0.002761940937489271
7,25,proof,0.002681894227862358
7,26,secret_key,0.002613231772556901
7,27,corresponding,0.002565543167293072
7,28,cannot,0.002471650252118707
7,29,obtain,0.002403631340712309
7,30,get,0.002375992946326733
