batch,doc_id
1,D03403c0839c3
1,D1095d64c71c1
1,D165861071eca
1,D1a5520aa7ae7
1,D1c167b303ed0
2,D1f315032455a
2,D21cf0acb1a9a
2,D24774522d751
2,D2590938a004e
2,D28078c8a10cc
3,D2ddae8e6696b
3,D399d99db36b3
3,D39a7eeed7aaa
3,D3ab7a5b14686
3,D4531a0b32047
4,D4bfedf8b0798
4,D514e784e1e1b
4,D524a4f047a09
4,D5279c89a9098
4,D569a973fcbb6
5,D57c6968f2827
5,D5d212714e9a4
5,D5df71bcd7569
5,D63d7b065ccb8
5,D6486a0b043d4
6,D65ab9f4e98ce
6,D6baa23748f4c
6,D6bbb4f6b30f4
6,D6cf278e5b911
6,D74bc17aea3dd
7,D7654ca3e0443
7,D78df4a50ef94
7,D7d7f6f621da1
7,D8d6830743dfc
7,D8f2ad68926ef
8,D933970ff55c6
8,D957f80b1f6a0
8,D9894a8b2bb51
8,D9c3426dab355
8,Da6361d07d275
9,Da7ef797c3412
9,Db1ac098543ec
9,Db4a620abe159
9,Db80703b6ee6c
9,Dc0b4b006fee0
10,Dc35d9a0e2a20
10,Dc3ba77443e3f
10,Dc414a91a176a
10,Dcb7f93f9aa99
10,Dce466cf22246
11,Dced739924e6e
11,Ddc6958bc957f
11,Ddef784be4369
11,Ddffd47d0866a
11,De11ad817ca1d
12,De395cd4ff88c
12,De6773a6d4648
12,De9070d0f44e5
12,Df606698e5a62
12,Df64cb83374bc
13,Df993b1e11c98
13,Dfb76bf848dd2
13,Dfd64df1a4eaf
13,Dfdc0a7ab21ac
13,Dfed6d84a0e4f
