doc_id,filename,pages,extracted_words,relevance,metaverse_platform_features,crypto_ecosystem_features,financial_crime_opportunities,modelling_analysis_intervention
D03403c0839c3,Challenges_and_Opportunities_of_Integrating_Non-Fungible_Tokens_NFTs_and_Self-Sovereign_AI_SSAI_in_Blockchain-Based_Metaverse_Projects_compressed.pdf,9,6912,highly relevant platform/security evidence,378,107,8,121
D1095d64c71c1,Design_of_Secure_Mutual_Authentication_Scheme_for_Metaverse_Environments_Using_Blockchain_compressed.pdf,15,11927,highly relevant platform/security evidence,201,71,3,6
D165861071eca,Blockchain-Empowered_Privacy-Preserving_Digital_Object_Trading_in_the_Metaverse_compressed.pdf,10,6512,highly relevant platform/security evidence,126,287,2,9
D1a5520aa7ae7,Unraveling the dynamics of digital equality and trust in AI-empowered metaverses and AI-VR-convergence_compressed.pdf,20,17842,highly relevant platform/security evidence,485,93,0,217
D1c167b303ed0,"Money, possessions, and ownership in the Metaverse_ NFTs, cryptocurrencies, Web3 and Wild Markets_compressed.pdf",8,8827,highly relevant platform/security evidence,278,66,13,1
D1f315032455a,Towards_Secure_AI-driven_Industrial_Metaverse_with_NFT_Digital_Twins_compressed.pdf,9,6990,highly relevant platform/security evidence,250,33,0,44
D21cf0acb1a9a,Jurisdictional_Challenges_in_Metaverse_chapter.pdf,11,4556,highly relevant platform/security evidence,119,5,34,21
D24774522d751,AI-based_Malicious_Bitcoin_Transaction_Detection_Framework_for_Real_Estate_in_Metaverse_compressed.pdf,6,4165,highly relevant platform/security evidence,65,99,6,66
D2590938a004e,Stylized facts of metaverse non-fungible tokens_compressed.pdf,29,20146,primary financial-crime/crypto evidence,600,249,19,67
D28078c8a10cc,Innovative Accounting and Auditing.pdf,10,6316,highly relevant platform/security evidence,128,32,2,34
D2ddae8e6696b,The Technological Innovation of the Metaverse in Financial_compressed.pdf,17,13572,highly relevant platform/security evidence,345,109,3,66
D399d99db36b3,The Study of DeFi in Virtual Community and Financial Supervision_compressed.pdf,8,5631,highly relevant platform/security evidence,47,258,12,86
D39a7eeed7aaa,MetaL_A_Fully_Decentralized_User-Driven_Access_Control_Scheme_for_Metaverse_Utilizing_MC-ABE_and_Sharding_Blockchain_compressed.pdf,9,7486,highly relevant platform/security evidence,61,78,0,23
D3ab7a5b14686,Securing_the_Metaverse_chapter_extracted.pdf,11,3829,highly relevant platform/security evidence,52,112,6,21
D4531a0b32047,The rise and fall of cryptocurrencies.pdf,34,17533,primary financial-crime/crypto evidence,116,617,20,131
D4bfedf8b0798,"The Digital Payment Revolution in the Metaverse_ A Systematic Review of Emerging Technologies, Challenges, and Future Directions_compressed.pdf",17,9632,highly relevant platform/security evidence,219,86,12,89
D514e784e1e1b,NFTs for combating deepfakes and fake metaverse digital contents_compressed.pdf,24,14212,highly relevant platform/security evidence,281,225,8,68
D524a4f047a09,Eden_An_Edge_Computing_Empowered_Proof-of-Personhood_Protocol_for_Anti-Sybil_in_Blockchain-based_Metaverse_compressed.pdf,8,6301,highly relevant platform/security evidence,127,197,5,43
D5279c89a9098,Blockchain for the metaverse_ Recent advances taxonomy and future challenges_compressed.pdf,32,30692,primary financial-crime/crypto evidence,1223,950,35,312
D569a973fcbb6,A blockchain-based signature exchange protocol for metaverse_compressed.pdf,11,9745,highly relevant platform/security evidence,34,295,1,29
D57c6968f2827,Blockchain-based asset storage and service mechanism to metaverse universe_ Metarepo_compressed.pdf,17,9109,highly relevant platform/security evidence,177,188,2,47
D5d212714e9a4,Freedom_and_Restraint_in_Dark_Forest_A_Peek_at_the_Metaverse_Through_a_Blockchain_Game_compressed.pdf,12,10465,highly relevant platform/security evidence,47,81,1,6
D5df71bcd7569,Navigating_Consumer_Rights_and_Ethical_Advertising_in_the_Metaverse_chapter.pdf,10,3979,highly relevant platform/security evidence,69,81,6,15
D63d7b065ccb8,Decentralized_autonomous_organizations_review_importance_and_applications_compressed.pdf,6,3971,highly relevant platform/security evidence,30,165,0,42
D6486a0b043d4,A Prelude to Cybersecurity Challenges in the Metaverse - extracted chapter.pdf,22,10494,primary financial-crime/crypto evidence,426,42,90,36
D65ab9f4e98ce,A_Smart_Contract-Based_Authentication_Scheme_for_Securing_Metaverse_Environment_in_Web_3.0_compressed.pdf,11,9500,highly relevant platform/security evidence,198,104,4,31
D6baa23748f4c,Accounting Profession in Metaverse Era - NFT_compressed.pdf,8,6623,primary financial-crime/crypto evidence,262,45,27,31
D6bbb4f6b30f4,Blockchain-Based_Trust_Management_for_Virtual_Entities_in_the_Metaverse_A_Model_for_Avatar_and_Virtual_Organization_Interactions_compressed.pdf,25,17496,highly relevant platform/security evidence,190,278,2,118
D6cf278e5b911,Financial cybercrime in the Islamic Finance Metaverse_compressed.pdf,6,4678,primary financial-crime/crypto evidence,84,82,95,46
D74bc17aea3dd,Cyber security vulnerabilities and threat mitigation strategies.pdf,22,7292,primary financial-crime/crypto evidence,366,59,40,80
D7654ca3e0443,Enhancing_Identity_Security_in_the_Metaverse_Solutions_Using_AI_Blockchain_and_NFTs_compressed.pdf,6,4044,primary financial-crime/crypto evidence,265,97,21,116
D78df4a50ef94,The effects of non-fungible token platform affordances on customer loyalty_ A Buyer-Creator duality perspective_compressed.pdf,16,14518,highly relevant platform/security evidence,267,109,2,13
D7d7f6f621da1,Legalities_in_Metaverse__Ethereum_Fraud_Detection_compressed.pdf,14,8285,primary financial-crime/crypto evidence,76,109,105,138
D8d6830743dfc,Metaverse_The_Potential_Threats_in_the_Virtual_World_chapter_pages_84-92.pdf,9,2776,highly relevant platform/security evidence,142,37,0,13
D8f2ad68926ef,GenAI with custom trained.pdf,7,5071,highly relevant platform/security evidence,342,120,1,88
D933970ff55c6,"NFTs for accessing, monetizing, and teleporting digital twins and digital artifacts in the metaverse_compressed.pdf",16,11907,highly relevant platform/security evidence,459,354,0,75
D957f80b1f6a0,A Mini Review on Purchaser Security in the Metaverse - extracted chapter.pdf,14,4567,primary financial-crime/crypto evidence,247,38,48,46
D9894a8b2bb51,Payment System Vulnerabilities.pdf,12,2836,primary financial-crime/crypto evidence,78,54,28,26
D9c3426dab355,Trusted_AI_with_Blockchain_to_Empower_Metaverse_compressed.pdf,8,6643,highly relevant platform/security evidence,197,243,4,161
Da6361d07d275,Seamless_Asset_Exchange_in_Interconnected_Metaverses_Unraveling_On-Chain_Atomic_Swap_compressed.pdf,10,7884,highly relevant platform/security evidence,141,223,0,17
Da7ef797c3412,NFT-Based_Digital_Identity_Authentication_Framework_for_the_Metaverse_Environments_compressed.pdf,9,6310,highly relevant platform/security evidence,248,57,6,26
Db1ac098543ec,Demystifying opportunities and risk for businesses_ A qualitative enquiry_compressed.pdf,12,4984,highly relevant platform/security evidence,201,20,2,35
Db4a620abe159,The_metaverse_applications_for_the_finance_industry_its_challenges_and_an_approach_for_the_metaverse_finance_industry_compressed.pdf,4,2866,primary financial-crime/crypto evidence,160,47,18,31
Db80703b6ee6c,Classification of NFT Security Issues and Threats through Case Analysis.pdf,10,4742,primary financial-crime/crypto evidence,236,80,31,8
Dc0b4b006fee0,Legal_Challenges_of_Intellectual_Property_in_the_Metaverse_Under_UAE_Intellectual_Property_Law_Trademarks_Copyrights_Patents_compressed.pdf,7,6292,highly relevant platform/security evidence,171,17,2,9
Dc35d9a0e2a20,Artificial_Intelligence-Based_Cybersecurity_for_the_Metaverse_Research_Challenges_and_Opportunities_compressed.pdf,45,35595,primary financial-crime/crypto evidence,1415,210,90,581
Dc3ba77443e3f,A_privacy_awareness_framework_for_NFT_avatars_in_the_metaverse_compressed.pdf,5,4687,highly relevant platform/security evidence,234,15,0,43
Dc414a91a176a,Bridging Law and Machine Learning_ A Cybersecure Model for Classifying Digital Real Estate Contracts in the Metaverse_compressed.pdf,15,8587,highly relevant platform/security evidence,163,97,6,85
Dcb7f93f9aa99,Detecting_Smart_Contract_Project_Anomalies_in_Metaverse_compressed.pdf,9,7184,highly relevant platform/security evidence,29,265,9,117
Dce466cf22246,Fusing_Blockchain_and_AI_With_Metaverse_A_Survey_compressed.pdf,15,12254,highly relevant platform/security evidence,452,275,6,136
Dced739924e6e,Urban metaverse and blockchain.pdf,40,29640,primary financial-crime/crypto evidence,1018,295,77,204
Ddc6958bc957f,"Criminology Towards the Metaverse_ Cryptocurrency Scams, Grey Economy and the Technosocial_compressed.pdf",16,10601,primary financial-crime/crypto evidence,47,173,193,27
Ddef784be4369,Ethical_and_Legal_Challenges_of_NFTs_chapter_extracted.pdf,15,6211,highly relevant platform/security evidence,292,81,10,20
Ddffd47d0866a,Modelling BTC networks.pdf,33,17977,highly relevant platform/security evidence,188,149,10,165
De11ad817ca1d,METAseen_ analyzing network traffic and privacy policies in Web 3.0 based Metaverse_compressed.pdf,13,12081,highly relevant platform/security evidence,468,165,2,75
De395cd4ff88c,Efficient post-quantum attribute-based access control scheme for blockchain-empowered metaverse data management_compressed.pdf,15,14678,highly relevant platform/security evidence,130,53,0,25
De6773a6d4648,Exploring-NFTs-and-Metaverse-Collaborations_-Innovations-Opportunities-and-Challenges_compressed.pdf,22,7947,highly relevant platform/security evidence,358,80,12,43
De9070d0f44e5,Meta-Governance_Blockchain-Driven_Metaverse_Platform_for_Mitigating_Misbehavior_Using_Smart_Contract_and_AI_compressed.pdf,15,10665,highly relevant platform/security evidence,188,144,1,202
Df606698e5a62,The New Economic Models of Metaverse and Its Implications in International Financial Markets_chapter.pdf,10,4559,highly relevant platform/security evidence,188,51,8,15
Df64cb83374bc,Blockchain-Based_Privacy-Preserving_and_Accountable_Mobile_Edge_Outsourcing_Computing_Framework_for_the_Metaverse_compressed.pdf,14,11734,highly relevant platform/security evidence,127,250,1,39
Df993b1e11c98,Cryptocurrency in the metaverse.pdf,50,14578,highly relevant platform/security evidence,436,78,2,38
Dfb76bf848dd2,Blockchain-based_Security_Framework_for_Metaverse_A_Decentralized_Approach_compressed.pdf,6,4287,highly relevant platform/security evidence,185,136,10,21
Dfd64df1a4eaf,Advanced_Encryption_Using_Generative_Adversarial_Network_for_Enhancing_Security_of_Non-Fungible_Tokens_NFTs_compressed.pdf,16,10516,highly relevant platform/security evidence,170,144,9,50
Dfdc0a7ab21ac,Opportunities to future crime_ Scoping the future of money laundering and terrorist financing through cryptoassets_compressed.pdf,24,20107,primary financial-crime/crypto evidence,177,552,367,246
Dfed6d84a0e4f,Is the metaverse failing.pdf,14,16571,highly relevant platform/security evidence,407,78,5,50
